Artist,Rank 1-20,Rank 21-40,Rank 41-60,Rank 61-80,Rank 81-100,Rank 101-120,Rank 121-140,Rank 141-160,Rank 161-180,Rank 181-200,Not Appeared
Shawn Mendes,74,60,47,42,55,47,57,57,68,83,85
Camila Cabello,101,96,80,77,83,49,44,46,39,53,68
Ed Sheeran & Justin Bieber,24,11,7,15,4,7,7,3,6,6,285
Justin Bieber,273,160,148,142,96,73,83,90,88,93,22
Ed Sheeran,247,111,115,123,171,222,272,204,186,200,15
Khalid,131,124,172,158,176,140,84,75,73,61,6
Post Malone,256,221,205,182,178,180,130,146,137,134,4
Young Thug,60,42,60,49,53,36,56,70,50,48,77
Billie Eilish,137,112,137,170,170,153,94,122,86,112,69
Lil Nas X,141,62,48,38,30,25,29,28,12,21,183
Billy Ray Cyrus,24,5,7,8,4,4,5,10,1,2,307
Travis Scott,112,120,158,147,152,136,123,129,120,98,45
Bad Bunny,439,425,337,297,265,227,199,181,159,146,29
Tainy,25,70,23,38,33,25,16,13,15,16,174
Cardi B,108,94,72,74,71,57,50,45,34,40,169
Sech,34,64,58,63,67,57,53,39,40,48,200
Darell,29,30,17,20,20,11,15,14,24,11,264
Drake,276,269,254,200,166,152,192,197,197,186,0
Rick Ross,10,8,5,5,5,4,7,8,7,8,312
Lewis Capaldi,51,89,45,47,59,54,43,21,21,19,126
Eminem,36,52,51,51,50,82,89,108,118,140,73
50 Cent,2,6,6,4,4,1,5,3,5,7,332
Chance the Rapper,38,14,17,17,11,10,12,17,19,16,221
PnB Rock,4,4,4,1,1,2,1,1,1,3,353
DJ Snake,40,15,18,18,25,18,10,15,27,27,234
J Balvin,146,200,212,194,230,193,149,138,115,84,55
Tyga,27,17,37,20,24,24,27,22,27,17,236
Swae Lee,92,64,57,59,57,53,31,53,22,42,23
Lunay,11,7,12,8,11,13,15,10,11,14,306
Daddy Yankee,120,50,65,69,90,120,90,90,74,47,120
Snow,22,7,2,4,2,3,3,6,6,4,320
Lizzo,21,30,19,11,8,12,11,16,13,12,276
MEDUZA,6,35,24,20,16,10,13,11,13,15,248
Goodboys,6,25,15,17,10,5,9,10,8,12,293
Lil Tecca,14,7,6,7,13,22,15,15,8,6,305
Taylor Swift,150,148,121,130,125,105,119,90,90,90,109
Katy Perry,26,12,22,12,16,21,14,14,10,15,267
Yebba,0,2,1,0,1,1,0,1,0,2,367
Jhayco,50,56,47,49,31,21,22,26,30,28,174
The Chainsmokers,52,55,55,63,40,52,78,82,105,144,123
Bebe Rexha,45,76,28,40,40,28,52,38,29,30,141
Stormzy,0,8,9,8,9,9,3,5,11,9,310
Martin Garrix,28,38,26,23,23,28,29,13,21,16,234
Macklemore,23,32,17,15,11,12,29,31,32,37,170
Fall Out Boy,4,9,3,2,1,2,2,2,3,1,346
Jonas Brothers,17,12,15,35,26,19,24,20,11,13,272
Y2K,13,9,6,7,7,2,6,4,1,1,319
bbno$,13,9,6,8,15,3,8,4,4,3,302
Ali Gatie,0,21,7,11,12,8,5,6,3,4,313
Marshmello,116,58,54,57,54,64,44,54,50,52,80
Kane Brown,0,6,3,6,5,6,8,7,5,1,328
Ariana Grande,200,118,133,111,88,111,120,98,83,64,34
Maluma,61,79,83,85,90,94,80,60,60,40,101
J. Cole,30,33,38,17,38,56,41,36,34,25,168
Paulo Londra,17,16,28,16,17,17,15,15,16,20,278
Dave,15,10,12,3,3,2,0,0,2,2,327
Kygo,22,54,44,35,24,27,29,35,39,31,178
Whitney Houston,0,11,6,4,1,1,4,10,14,7,317
ROSALÍA,51,44,62,29,28,30,24,16,15,15,179
El Guincho,0,4,22,3,2,5,3,4,1,2,329
Lady Gaga,45,31,42,37,60,32,31,44,28,27,135
Bradley Cooper,32,8,21,18,40,15,11,18,12,9,194
Nicky Jam,34,58,72,54,57,65,50,53,53,47,136
Ozuna,89,173,166,147,164,137,95,99,98,93,82
Disclosure,12,11,8,9,10,7,6,2,3,4,304
Chris Brown,29,36,45,39,33,18,11,17,27,30,143
Avicii,14,34,19,11,12,21,35,65,45,60,204
Aloe Blacc,10,3,5,1,2,0,1,2,2,2,347
Pedro Capó,15,20,18,4,5,6,7,3,8,6,305
Farruko,56,44,53,47,55,69,50,45,56,43,135
Bastille,31,13,10,15,8,19,4,5,8,4,258
YG,1,1,10,1,8,5,9,9,4,3,324
Jon Z,0,1,8,1,2,1,2,3,1,1,355
OneRepublic,24,31,39,31,15,24,27,64,54,29,138
Dalex,4,15,21,34,39,29,24,26,29,25,277
Rafa Pabön,4,10,6,8,7,3,13,13,13,6,314
KHEA,4,10,8,8,2,4,4,7,6,4,319
Feid,89,58,74,63,59,41,43,55,37,33,192
Cazzu,4,10,6,3,1,11,7,6,6,4,317
Lenny Tavárez,4,17,38,41,49,51,32,29,32,32,210
Sam Feldt,0,0,1,10,7,3,1,0,2,3,348
RANI,0,0,1,10,7,3,1,0,2,3,348
DJ Luian,0,20,22,29,22,24,16,14,9,11,256
Mambo Kingz,0,20,22,29,22,24,16,14,9,11,256
Anuel AA,40,85,111,98,97,96,76,80,71,49,114
Brytiago,0,9,9,12,7,5,5,9,9,1,311
Ella Mai,0,0,1,3,3,3,5,2,2,2,354
J Hus,0,0,1,1,1,0,1,0,0,0,371
DaBaby,84,77,83,43,47,46,32,46,31,32,184
R3HAB,0,0,1,6,2,1,3,2,3,1,356
A Touch Of Class,0,0,1,6,2,1,3,1,1,0,360
Chris Stapleton,0,10,5,2,3,2,1,1,0,1,350
Bruno Mars,51,39,41,43,46,55,62,61,79,87,109
Halsey,78,61,49,68,58,38,77,47,83,85,128
Mason Ramsey,0,0,0,1,2,1,0,0,0,0,371
Mabel,9,7,6,13,8,10,6,4,4,2,321
Meek Mill,11,12,4,4,6,2,10,3,7,14,317
A Boogie Wit da Hoodie,3,20,14,13,23,30,40,27,28,21,233
Ava Max,22,32,38,40,24,26,20,30,18,19,188
Ink,0,1,1,3,0,1,0,0,0,0,369
Ashley O,0,0,2,2,0,2,0,0,0,0,369
Sam Smith,91,28,32,41,52,47,54,40,59,59,124
Normani,27,10,15,18,12,18,12,9,12,12,252
Polo G,8,15,11,23,21,33,37,36,23,24,240
Lil Tjay,15,11,10,17,12,16,14,18,12,10,273
Brendon Urie,5,4,3,6,4,5,3,3,1,6,335
Panic! At The Disco,11,14,30,17,18,10,14,11,14,20,256
Miley Cyrus,46,51,35,22,17,9,19,16,20,17,209
Sebastian Yatra,7,9,30,52,60,43,41,42,43,30,126
NATTI NATASHA,0,30,21,30,39,24,17,14,26,13,247
Mark Ronson,4,13,6,5,10,2,5,10,2,7,328
Skrillex,0,5,9,8,6,5,5,4,1,4,331
H.E.R.,0,0,0,0,1,4,7,5,0,2,356
5 Seconds of Summer,12,20,25,22,21,23,15,22,16,17,249
Queen,4,15,21,40,40,39,95,85,71,71,159
mgk,6,5,5,16,14,13,12,16,22,12,278
YUNGBLUD,0,0,0,4,1,4,2,1,3,1,359
Travis Barker,0,0,2,8,2,5,1,2,3,2,350
BTS,87,75,59,68,76,56,49,46,44,48,146
Justin Quiles,0,4,34,40,54,44,35,37,48,24,215
Tyler,13,26,24,9,11,8,5,9,13,12,280
The Creator,13,26,24,9,11,8,5,9,13,12,280
Blanco Brown,0,0,0,4,3,2,2,3,1,3,357
benny blanco,28,29,18,14,28,9,12,9,14,7,241
21 Savage,106,103,96,72,70,67,43,59,59,41,43
Tiësto,24,42,26,27,29,19,21,16,16,16,199
Jonas Blue,19,19,13,12,17,19,13,19,27,31,241
Rita Ora,1,45,31,29,25,18,14,11,13,8,265
Samra,0,2,2,3,4,5,8,3,2,6,344
Capital Bra,0,3,2,6,8,8,12,6,10,8,319
Reynmen,0,0,0,0,0,1,0,1,0,1,372
Imagine Dragons,51,84,68,94,164,159,109,75,64,66,19
Lauv,3,30,30,18,38,51,30,51,41,32,197
Troye Sivan,8,22,11,11,12,18,12,12,10,23,238
Alec Benjamin,0,9,6,6,3,13,3,6,16,18,295
Selena Gomez,117,93,59,31,42,44,44,41,36,39,60
Maroon 5,74,46,37,42,49,35,46,43,49,50,71
CHVRCHES,4,7,3,2,2,4,2,0,4,1,346
Ellie Goulding,3,14,8,34,26,8,11,10,12,15,254
Juice WRLD,68,62,68,131,124,127,129,104,98,80,164
Sean Paul,13,8,16,18,14,14,16,20,20,14,242
Wisin & Yandel,0,0,0,3,11,23,13,4,6,5,311
Dominic Fike,0,0,3,11,9,5,5,7,6,10,319
Mau y Ricky,0,6,8,10,8,10,12,17,10,6,319
Camilo,0,42,47,32,23,31,26,31,25,16,238
6ix9ine,22,31,17,22,23,20,23,15,30,22,258
Dynoro,14,11,4,6,3,12,9,1,4,2,309
Gigi D'Agostino,14,11,4,6,3,12,9,1,4,2,309
XXXTENTACION,67,82,75,80,108,118,144,151,156,128,85
Alan Walker,0,5,17,20,19,22,18,27,20,15,249
Sabrina Carpenter,1,1,10,7,15,11,12,12,14,5,287
ZAYN,34,14,22,21,19,18,16,17,19,12,254
Zhavia,0,0,2,2,4,4,2,2,1,0,358
Mustard,0,6,25,11,22,14,14,14,11,5,291
NAV,24,9,12,4,12,15,16,22,12,9,242
Playboi Carti,26,27,11,15,11,21,16,23,14,13,243
Bazzi,11,15,18,24,11,16,17,10,19,17,265
Myke Towers,44,66,41,48,57,49,42,33,37,38,204
Migos,24,35,48,54,47,43,29,36,34,43,242
BLACKPINK,32,27,33,21,7,22,23,23,25,29,238
Anne-Marie,30,28,37,39,37,39,30,26,29,22,182
Dean Lewis,7,15,10,8,14,7,20,15,32,20,235
KAROL G,146,87,79,73,86,74,61,43,39,30,61
Joji,18,8,9,11,9,12,11,14,20,27,278
James Arthur,10,6,8,30,35,46,95,74,42,33,74
Lil Uzi Vert,34,43,50,42,52,49,54,60,48,60,158
David Guetta,45,60,68,54,44,38,40,30,41,30,109
Martin Solveig,0,0,0,0,1,3,1,2,2,2,364
NF,17,5,4,3,3,3,6,8,6,8,316
MACHETE,0,0,0,0,0,1,1,1,1,0,373
Dani Faiv,0,0,0,0,0,1,0,0,1,0,373
thasup,0,0,0,2,0,1,2,0,3,1,368
Fabri Fibra,0,0,0,0,0,1,1,0,1,0,372
YNW Melly,2,15,15,11,12,9,10,9,7,15,310
Offset,30,28,34,18,19,16,27,28,28,31,250
TOTO,0,0,0,0,0,0,3,14,19,26,313
NLE Choppa,1,3,11,14,7,7,11,7,7,7,311
Blueface,0,6,2,1,4,4,5,5,4,3,343
Loud Luxury,1,10,5,10,9,6,8,8,8,1,311
Brando,1,10,5,10,9,6,8,8,7,0,311
Logic,18,15,22,21,20,12,11,19,20,25,270
Jeremy Zucker,0,0,0,0,0,6,4,5,3,3,354
Dimitri Vegas & Like Mike,0,0,1,0,5,7,4,4,4,2,348
Afro Bros,0,0,0,0,5,7,1,2,1,1,358
Dimitri Vegas,0,0,1,0,5,7,4,4,4,2,348
Like Mike,0,0,1,0,5,7,1,2,1,1,357
Lil Baby,31,35,45,46,45,28,53,31,44,38,184
Gunna,45,31,31,21,28,21,37,38,33,24,172
Manuel Turizo,40,47,56,49,33,39,36,48,47,32,133
Zedd,34,19,26,19,28,24,16,30,25,14,227
Maren Morris,16,6,7,3,10,7,9,18,11,7,286
Grey,17,12,9,8,15,15,8,22,12,9,249
Calvin Harris,55,61,57,41,44,44,36,35,66,44,135
Rag'n'Bone Man,0,12,10,5,7,4,13,9,4,6,321
Loredana,0,0,0,3,0,2,5,2,2,3,359
Shindy,0,0,1,0,1,0,1,0,1,3,368
Ty Dolla $ign,46,31,28,25,32,42,42,29,34,30,194
Oasis,0,0,0,0,0,0,0,5,29,68,273
Aaron Smith,0,0,0,0,0,4,4,2,5,6,354
Krono,0,0,0,0,0,4,4,2,5,6,354
Luvli,0,0,0,0,0,4,4,2,5,6,354
Coldplay,41,21,23,58,59,61,44,64,67,116,45
Dua Lipa,224,153,138,121,132,97,103,81,73,82,19
Piso 21,0,10,16,16,18,32,25,18,23,11,245
Micro TDH,0,0,8,8,4,3,1,1,1,1,348
David Bowie,0,0,2,2,1,5,10,4,8,13,330
The Police,0,0,0,0,0,7,6,20,40,27,275
John Legend,0,7,1,2,1,3,9,27,72,60,206
Diplo,5,15,11,21,20,16,14,20,9,22,286
Beyoncé,19,37,22,15,14,15,13,21,22,29,240
Jax Jones,2,6,19,10,14,17,16,10,12,11,267
Olivia Rodrigo,138,93,79,62,65,30,34,36,34,47,253
Måneskin,34,25,12,13,6,14,7,16,8,12,295
Rauw Alejandro,63,90,118,96,68,66,50,54,55,57,142
Doja Cat,116,129,68,59,69,55,47,30,49,41,183
SZA,117,76,60,52,48,35,27,32,37,36,112
Maria Becerra,12,13,19,17,8,16,7,9,5,13,306
Daniel Caesar,23,9,4,17,6,7,12,7,4,2,283
Giveon,35,17,12,27,11,12,10,10,9,4,271
Nio Garcia,28,33,17,13,18,4,19,16,15,8,227
The Weeknd,291,255,228,201,155,139,133,133,150,134,38
Masked Wolf,20,8,2,2,5,5,2,4,6,1,319
Anderson .Paak,19,13,8,15,12,13,5,2,2,6,305
Silk Sonic,19,13,8,14,12,12,4,2,2,3,311
YoungBoy Never Broke Again,6,8,6,1,4,8,12,6,6,3,322
Riton,7,18,1,5,4,3,2,6,9,6,313
Nightcrawlers,7,18,1,5,4,3,1,3,5,4,323
Mufasa & Hypeman,7,18,1,5,4,3,1,3,5,4,323
Dopamine,7,18,1,5,4,3,1,3,5,4,323
Bella Poarch,1,7,3,0,3,1,0,1,0,3,355
Wisin,12,20,48,38,42,47,26,69,29,30,202
Los Legendarios,12,7,11,15,8,6,4,1,3,9,323
Harry Styles,142,101,68,71,72,80,86,41,44,46,126
Trinidad Cardona,0,3,2,2,2,1,0,1,0,0,363
Glass Animals,56,30,20,18,18,2,2,0,1,0,227
Mr. Naisgai,0,6,5,1,3,1,1,2,1,2,352
Crissin,0,4,5,4,3,3,3,0,1,0,352
Totoy El Frio,0,4,5,4,3,3,3,0,1,0,352
Natan & Shander,0,4,5,4,3,3,3,0,1,0,352
Pharrell Williams,13,6,15,7,11,12,10,14,14,7,284
Megan Thee Stallion,22,33,31,28,20,20,17,12,16,11,252
Majestic,0,1,11,3,1,2,0,2,1,3,350
Boney M.,0,1,11,3,1,2,0,2,2,5,347
42 Dugg,0,0,1,3,2,0,5,1,3,1,358
ATB,0,10,13,3,2,1,0,1,2,3,339
Topic,15,19,21,12,9,10,5,4,4,7,294
A7S,15,19,21,12,9,10,5,4,4,7,294
24kGoldn,33,8,16,15,10,23,12,7,7,3,256
iann dior,33,8,14,9,4,10,8,5,4,3,281
TINI,0,0,20,14,6,7,8,9,5,10,307
Kali Uchis,27,31,35,13,13,8,5,8,5,5,264
Mariah Angeliq,0,7,5,4,4,1,2,0,1,1,349
Lil Wayne,23,25,10,22,16,21,22,32,27,23,241
Galantis,0,0,9,3,2,5,12,10,5,6,326
Little Mix,0,6,17,22,17,8,11,12,10,15,274
Gera MX,2,5,2,5,2,2,2,2,3,1,349
Christian Nodal,2,8,4,6,4,3,5,4,11,5,322
HVME,0,11,18,9,5,5,4,4,6,1,326
Flow La Movie,3,7,0,1,4,1,4,1,3,1,355
WILLOW,0,11,9,18,8,6,2,9,3,2,312
Brent Faiyaz,0,0,1,1,0,1,0,0,3,1,368
Fana Hues,0,0,0,1,0,0,0,0,0,0,373
Duncan Laurence,0,13,6,8,3,6,6,2,5,10,315
Vegedream,0,0,0,3,1,1,0,1,0,0,368
DJ Drama,0,0,0,1,0,0,0,0,0,0,373
Joel Corry,15,14,31,18,10,5,4,8,6,6,295
RAYE,29,24,31,21,20,5,11,7,6,9,235
Surf Curse,0,0,6,10,12,12,8,4,1,5,316
The Neighbourhood,1,44,65,50,15,23,31,22,24,26,210
MNEK,15,14,13,10,4,10,4,6,6,4,288
Mora,3,8,11,15,24,19,15,16,9,11,258
Tones And I,52,18,19,16,14,16,7,14,12,13,223
Teezo Touchdown,0,2,0,0,1,0,0,1,0,0,370
Becky G,12,28,57,45,27,26,24,17,13,11,206
The Kid LAROI,73,34,39,39,37,16,13,7,11,10,184
Justin Wellington,0,0,0,2,7,2,1,0,0,1,361
Small Jam,0,0,0,2,7,2,1,0,0,1,361
Juhn,12,12,12,6,8,6,3,6,9,6,294
Tion Wayne,2,2,3,1,1,2,3,1,2,0,359
Russ Millions,2,2,3,1,1,2,3,0,2,0,360
ArrDee,2,2,3,1,1,1,1,0,1,0,362
E1 (3x3),2,2,3,1,1,1,1,0,1,0,362
ZT (3x3),2,2,3,1,1,1,1,0,1,0,362
Bugzy Malone,2,2,3,1,1,1,1,0,1,0,362
Buni,2,2,3,1,1,1,1,0,1,0,362
Fivio Foreign,2,2,5,4,4,3,2,2,4,3,349
Darkoo,2,2,3,1,1,1,1,0,1,0,362
Saweetie,0,0,22,7,11,4,4,4,5,6,312
Roddy Ricch,58,26,58,36,43,22,23,14,25,18,252
Internet Money,22,6,9,4,8,6,3,8,6,8,306
Don Toliver,22,16,35,15,21,18,22,32,11,14,214
Pashanim,0,0,0,0,0,2,0,3,5,1,363
SAINt JHN,30,13,16,13,9,3,5,2,3,5,275
Imanbek,30,13,16,14,17,6,6,5,5,6,256
Domo Genesis,0,0,0,0,0,1,0,0,0,0,373
MYA,0,0,0,1,1,2,1,0,1,0,368
Duki,2,6,3,14,16,20,13,15,14,11,276
AURORA,2,4,3,3,3,6,1,4,0,3,345
Lorde,0,7,7,6,8,10,6,4,5,3,336
Tate McRae,16,16,20,17,11,13,20,12,11,11,244
Tom Grennan,0,0,0,1,2,7,7,5,1,2,358
P!nk,1,10,8,5,14,8,7,8,6,9,303
Willow Sage Hart,0,0,2,3,5,3,2,1,2,1,355
Tom Odell,10,38,28,13,10,8,9,13,2,1,242
6LACK,8,9,7,2,7,5,8,2,9,3,318
TWICE,0,0,4,11,6,4,8,6,7,5,324
Trippie Redd,3,1,15,23,18,18,24,22,20,23,251
Conan Gray,8,7,12,10,5,13,37,25,35,16,219
KSI,0,0,0,1,0,1,2,3,2,1,364
Chimbala,0,0,2,3,4,5,3,3,2,1,351
Zion & Lennox,0,24,34,31,42,38,21,39,29,24,221
Mc Davi,0,7,5,1,7,3,2,2,0,1,346
Mc Pedrinho,0,1,4,2,6,3,3,5,1,2,347
Mc Don Juan,0,7,5,1,7,6,3,3,2,1,343
DJ 900,0,0,0,1,4,2,2,5,0,2,358
Dermot Kennedy,0,10,9,3,8,8,4,1,5,2,324
Ofenbach,0,0,1,1,8,8,11,14,9,10,312
Lagique,0,0,0,0,4,6,6,2,2,0,354
DAISY WORLD,0,0,0,0,0,0,0,1,0,0,373
Vance Joy,0,0,0,0,9,18,23,35,38,19,233
Mari Fernandez,0,0,0,0,1,4,5,8,6,13,337
Hozier,0,1,0,1,1,12,14,28,20,45,255
BANDIDO,0,0,0,0,0,3,4,1,1,0,365
Rei,0,0,0,0,0,3,4,1,1,0,365
Tiago PZK,3,15,7,20,13,20,11,8,8,8,288
Cochise,0,0,0,0,0,2,2,4,2,3,361
$NOT,0,0,0,0,0,2,3,4,2,3,360
StarBoi3,0,0,0,4,1,2,0,2,1,0,364
Bo Burnham,0,0,0,0,1,2,1,1,2,0,367
Dj Guuga,0,0,0,3,1,3,4,2,0,1,360
DJ Ivis,0,0,0,3,2,4,6,4,1,3,351
sangiovanni,0,0,0,0,3,1,2,0,1,2,365
Fleetwood Mac,1,2,4,1,3,9,12,10,12,9,311
João Gomes,0,0,1,7,1,2,5,5,6,1,358
Beéle,0,0,0,0,1,7,10,5,7,5,339
Powfu,22,10,4,16,7,6,2,4,4,4,295
beabadoobee,22,10,4,16,7,6,2,4,5,4,294
Pop Smoke,37,29,27,28,32,25,45,38,34,27,297
Nirvana,1,2,2,0,3,9,20,19,31,17,280
Matheus Fernandes,0,0,0,4,0,1,3,4,7,7,348
Dilsinho,0,0,0,0,0,0,2,2,4,4,362
Fedez,0,0,0,0,0,0,1,1,1,1,370
Achille Lauro,0,0,0,0,0,0,1,1,0,1,371
Orietta Berti,0,0,0,0,0,0,1,1,0,1,371
MC Zaquin,0,0,0,0,0,0,0,2,0,3,369
MC Rick,0,0,0,0,0,0,0,2,0,3,369
The Killers,0,0,0,0,1,0,3,28,41,45,256
Madison Beer,0,0,0,4,8,9,3,4,7,5,335
Niall Horan,0,17,17,9,6,12,10,12,13,10,289
CJ,10,6,5,4,2,1,4,1,2,2,337
Bizarrap,65,28,32,28,28,19,21,19,14,15,217
Eladio Carrion,1,3,9,1,6,3,2,4,2,2,344
Wizkid,3,17,13,13,7,12,22,39,34,29,187
Kyla,3,17,13,13,7,11,21,38,32,28,191
Regard,8,11,18,18,15,6,10,22,7,9,276
Jawsh 685,18,4,3,11,7,4,5,1,6,3,319
Jason Derulo,36,20,41,35,34,31,24,9,26,21,208
Israel & Rodolffo,0,0,2,8,1,7,4,5,8,15,325
Alex Rose,0,0,0,0,0,10,13,9,11,8,323
Kodak Black,16,12,36,23,32,31,27,23,20,30,238
Sheck Wes,11,10,4,4,2,4,3,4,1,2,329
Gesaffelstein,4,1,8,15,15,7,8,6,7,6,299
Winona Oak,0,2,1,2,0,0,1,1,1,0,365
Romeo Santos,1,9,15,5,7,43,24,15,18,26,248
Flipp Dinero,0,3,4,6,6,6,1,3,2,2,340
Gucci Mane,7,10,29,40,24,23,17,40,23,28,248
Lil Pump,27,13,7,8,12,12,12,8,13,10,292
Haze,0,0,11,3,5,2,3,4,0,1,344
Kehlani,0,11,15,13,9,9,9,5,5,5,304
Jessie Reyez,12,6,8,5,6,4,5,4,6,5,317
Luis Fonsi,64,17,13,26,15,15,14,11,11,15,262
Lukas Graham,0,0,7,11,9,5,7,5,4,10,315
Future,36,61,72,64,77,57,48,68,49,56,71
Zara Larsson,13,16,20,10,9,12,17,19,13,17,260
Prince Royce,0,11,7,9,8,7,6,4,4,5,316
Rich The Kid,4,5,6,4,9,11,6,8,10,10,310
French Montana,24,14,19,15,16,17,16,15,13,9,263
Tory Lanez,3,13,2,12,9,18,11,18,31,17,248
Clean Bandit,38,37,21,12,17,26,20,15,10,13,240
Demi Lovato,44,29,25,31,21,25,24,23,21,19,225
Julia Michaels,12,26,24,19,28,23,23,34,13,20,200
Metro Boomin,36,55,67,38,45,27,39,49,31,43,199
Kelsea Ballerini,0,3,3,3,1,4,5,4,8,3,339
Sandro Cavazza,1,12,6,7,6,7,9,10,5,7,303
Lil Peep,7,3,2,1,5,2,5,6,14,19,317
Casper Magico,13,13,4,3,8,2,6,2,9,3,310
George Ezra,0,3,10,3,5,3,6,9,11,3,320
Nicki Minaj,70,61,70,50,49,63,53,40,35,25,116
Murda Beatz,10,5,3,4,2,2,2,1,2,0,342
MERO,0,0,3,3,1,1,4,3,0,5,354
Jack & Jack,7,7,6,3,2,5,2,2,5,7,327
Silk City,4,4,1,1,2,2,2,8,1,2,346
Lil Mosey,18,10,16,8,15,11,7,13,5,8,262
Kanye West,40,38,55,28,30,20,18,20,26,31,223
Robin Schulz,4,19,11,12,15,19,16,6,19,11,247
Erika Sirola,0,0,0,0,0,5,2,2,4,1,359
NOTD,0,0,0,1,8,1,8,4,5,1,345
Felix Jaehn,0,0,0,1,7,4,3,7,4,3,344
Captain Cuts,0,0,0,0,0,0,2,2,1,0,368
Georgia Ku,0,0,0,0,0,0,2,2,1,0,368
Reik,0,10,19,25,12,14,9,8,4,6,277
BlocBoy JB,13,6,4,6,2,3,8,7,7,3,316
Quavo,60,71,37,21,36,34,31,43,39,29,190
G-Eazy,14,18,10,5,12,13,16,9,13,15,295
Florida Georgia Line,15,32,16,9,7,7,13,11,14,16,284
SHAED,2,4,4,5,1,2,2,4,1,2,346
A$AP Rocky,3,19,14,18,16,12,8,16,24,16,271
Skepta,0,7,9,5,1,3,3,5,8,4,328
Sia,23,26,24,21,24,33,35,65,20,24,158
Labrinth,0,7,15,27,18,18,12,10,17,16,277
LSD,0,4,3,6,7,8,5,6,2,6,329
Rudimental,11,8,3,6,3,1,6,6,9,5,318
Jess Glynne,11,8,3,8,5,6,11,10,7,4,322
Dan Caplen,11,8,3,6,3,1,6,5,4,4,322
Dzeko,8,8,3,3,2,2,2,3,3,3,336
Preme,8,8,3,3,2,2,2,3,3,3,336
Ski Mask The Slump God,0,0,0,0,2,6,4,4,1,6,351
KEVIN ROLDAN,0,0,0,0,4,3,5,7,4,4,346
JENNIE,17,2,1,2,2,4,1,4,1,2,340
Kendrick Lamar,67,52,74,45,61,66,54,57,55,51,180
Joyner Lucas,5,2,3,2,2,3,2,5,4,4,341
Jason Mraz,0,0,0,0,0,0,10,7,7,40,309
Felipe Araújo,0,0,0,0,0,1,0,0,5,4,363
Ferrugem,0,0,0,0,0,1,0,0,5,4,363
Mariah Carey,31,2,5,4,5,5,2,5,2,6,323
Wham!,27,2,5,1,1,1,1,3,1,0,330
GAYLE,24,0,5,1,6,1,2,2,1,3,328
Brenda Lee,16,8,4,3,1,1,2,1,0,1,335
Bobby Helms,16,7,3,2,3,1,2,0,2,0,336
Adele,33,14,23,27,26,46,41,27,28,19,246
Michael Bublé,20,14,17,4,5,9,7,9,11,9,335
Jack Harlow,68,46,21,21,11,16,21,17,18,11,209
Elton John,36,30,23,24,13,23,9,7,3,5,228
PNAU,34,22,17,15,9,20,4,4,0,2,245
JID,36,13,8,6,5,8,7,2,5,4,279
Arcane,25,9,8,6,4,8,5,2,7,6,297
League of Legends,25,9,8,8,7,10,7,3,8,8,284
Andy Williams,11,9,6,2,1,2,0,4,0,0,337
José Feliciano,5,8,5,5,0,3,2,1,0,0,343
The Ronettes,3,5,6,2,3,0,3,3,1,0,346
Kelly Clarkson,6,12,3,4,2,2,3,1,1,1,341
ACRAZE,9,11,4,2,1,1,3,4,3,2,332
Cherish,9,11,4,2,1,1,3,4,3,2,332
Chris Rea,0,7,4,9,4,1,1,1,0,1,344
Frank Sinatra,5,6,12,6,7,1,3,6,2,2,336
B. Swanson Quartet,5,6,12,5,3,1,0,2,1,1,336
John Lennon,6,7,5,10,2,2,0,1,0,1,338
Yoko Ono,6,7,5,10,2,2,0,1,0,1,338
Dean Martin,4,5,6,1,4,3,10,3,1,0,347
Paul McCartney,1,5,7,6,4,2,1,2,1,1,342
Shakin' Stevens,0,6,1,5,3,4,3,3,2,1,344
Jaymes Young,10,9,3,1,4,3,4,3,1,5,329
Band Aid,3,6,10,6,2,0,1,1,2,0,341
Burl Ives,0,4,3,3,4,6,3,3,0,2,345
Bing Crosby,0,6,9,1,7,6,2,5,4,1,341
CKay,16,13,9,10,6,3,2,6,4,4,331
Nat King Cole,0,4,4,7,7,5,6,2,1,2,344
Julieta Venegas,2,19,9,6,7,6,3,0,0,1,319
LISA,10,7,11,4,6,5,3,2,3,4,333
Perry Como,2,2,7,1,2,4,4,4,0,4,342
The Fontane Sisters,2,2,7,1,2,4,4,4,0,4,342
Mitchell Ayres & His Orchestra,2,2,7,1,2,4,4,4,0,4,342
Lost Frequencies,5,24,18,3,3,0,4,3,4,6,302
Calum Scott,5,24,18,3,3,1,7,6,9,7,289
BoyWithUke,0,13,5,7,3,2,1,1,5,1,339
The Walters,0,14,12,3,9,16,5,9,7,6,291
The Jackson 5,0,0,2,3,2,1,2,5,4,3,356
zzoilo,0,8,5,8,4,1,4,4,4,9,325
Aitana,0,8,5,8,4,1,4,5,4,10,323
Darlene Love,0,0,2,4,1,2,3,0,2,2,356
Dj Yo!,7,4,3,4,3,1,2,2,1,1,344
AX'EL,7,4,3,4,3,1,2,2,1,1,344
Daryl Hall & John Oates,0,0,2,2,2,1,2,5,2,1,355
Aventura,4,10,8,10,4,1,3,1,0,0,331
Chuck Berry,0,0,0,6,1,0,3,1,4,2,355
Britney Spears,0,3,4,6,3,1,4,4,3,4,340
The Pogues,1,1,6,2,2,5,6,2,2,1,344
Kirsty MacColl,1,1,6,2,2,5,6,2,2,1,344
George Henrique & Rodrigo,0,0,0,1,2,4,5,2,0,1,357
Marília Mendonça,0,0,6,5,11,16,12,10,6,12,326
Blessd,0,0,14,5,5,5,3,1,4,2,333
Elvis Presley,0,0,2,4,2,1,3,5,5,4,347
Rvssian,0,1,9,14,10,7,4,3,3,5,316
Emmy Meli,0,0,1,2,5,2,1,0,1,0,360
Gwen Stefani,0,1,1,0,4,3,0,0,1,0,362
Blake Shelton,0,1,1,0,4,3,0,0,1,0,362
Bruce Springsteen,0,0,0,1,3,1,1,2,0,3,361
Maiara & Maraisa,0,0,0,1,5,5,7,4,2,3,359
Oliver Tree,10,13,8,4,8,1,3,0,5,8,321
THE ANXIETY,0,8,5,6,3,2,1,3,2,0,342
Tyler Cole,0,8,5,6,3,2,1,3,2,0,342
Swedish House Mafia,3,3,7,6,4,3,1,0,0,1,344
Kylie Minogue,0,0,1,1,2,1,1,4,1,2,359
V,4,7,5,5,2,4,1,1,2,2,356
Chencho Corleone,46,24,49,27,22,23,15,16,16,10,200
Zé Felipe,0,0,1,1,1,7,6,8,6,5,339
Mc Danny,0,0,0,1,1,1,2,5,4,4,360
Amaarae,0,4,0,3,4,3,0,2,0,1,355
Moliy,0,4,0,3,4,3,0,2,0,1,355
Trueno,1,2,7,6,10,8,1,4,4,2,339
Henrique & Juliano,0,0,0,0,7,8,4,9,3,1,340
Steve Lacy,16,7,9,25,29,14,12,17,16,12,264
Leona Lewis,0,0,0,0,1,2,1,2,0,2,364
Xamã,0,2,5,2,1,3,1,0,0,2,356
Gustah,0,2,5,2,1,3,1,0,0,1,357
Neo Beats,0,2,5,2,1,3,1,0,0,2,356
Bagua Records,0,2,5,2,1,3,1,0,0,1,357
Carolina Gaitán - La Gaita,9,3,2,2,0,2,1,0,0,1,352
Mauro Castillo,9,3,2,2,0,2,1,0,0,1,352
Adassa,9,3,2,2,0,2,1,0,0,1,352
Rhenzy Feliz,9,3,2,2,0,2,1,0,0,1,352
Diane Guerrero,9,3,2,2,3,4,2,1,0,1,352
Stephanie Beatriz,9,3,2,5,5,7,2,3,1,2,352
Encanto - Cast,9,3,2,5,2,5,1,0,1,1,352
Fireboy DML,0,0,0,0,1,0,6,0,0,0,365
Eartha Kitt,1,2,0,0,1,3,3,0,1,4,357
Henri René and His Orchestra,1,2,0,0,1,3,3,0,1,4,357
Eagles,0,0,0,0,1,0,1,2,0,1,367
NEIKED,0,3,6,5,8,1,8,7,3,0,331
Mae Muller,0,3,3,1,6,1,7,6,2,0,343
Ruth B.,0,8,28,18,23,14,14,3,4,2,258
Paulo Pires,0,0,0,0,1,0,2,1,2,2,364
Marcynho Sensação,0,0,0,0,1,4,6,3,6,5,350
Amy Grant,0,0,0,0,0,0,2,0,0,0,370
SALES,0,0,0,0,0,2,2,0,1,0,367
Mykola Dmytrovych Leontovych,0,1,0,0,0,1,6,0,1,2,361
John Williams,0,1,0,0,0,1,6,0,1,2,361
Project Pat,2,6,2,3,3,11,3,4,1,0,337
Stevie Wonder,0,0,0,0,0,3,1,2,0,0,366
SUGA,0,2,1,2,2,2,3,6,3,0,351
IVE,0,0,4,5,3,6,3,7,3,3,338
L-Gante,0,0,0,0,1,2,4,7,3,1,354
Gusttavo Lima,0,0,0,0,0,3,7,6,14,9,333
Tony Bennett,0,0,0,1,1,0,0,1,3,1,365
The Beach Boys,0,0,0,1,1,0,0,4,3,0,363
PEDRO SAMPAIO,0,1,4,1,2,1,3,5,4,4,347
Sleepy Hallow,0,5,8,5,6,4,5,4,7,4,324
Avine Vinny,0,0,0,4,0,1,1,2,1,1,362
Lil Durk,13,7,9,10,9,10,12,7,8,9,296
Morgan Wallen,3,21,9,4,10,2,4,7,13,15,312
Wizzard,0,0,0,0,0,0,0,0,2,1,369
Ella Fitzgerald,0,0,0,0,0,0,0,1,1,2,369
Calibre 50,0,0,0,0,0,0,1,2,3,2,364
Elley Duhé,10,17,12,9,5,8,7,5,6,7,293
Slade,0,0,0,0,0,0,0,0,0,1,371
JAY-Z,2,0,2,3,2,1,1,3,1,3,353
Kid Cudi,9,3,5,5,5,3,4,7,3,7,334
Tems,1,6,7,7,7,3,2,3,1,5,330
Baby Keem,0,3,4,2,4,3,1,5,3,5,342
Ingratax,0,4,4,4,1,1,1,0,0,0,356
LIT killah,1,9,6,12,6,7,2,3,2,2,321
Shouse,0,1,3,8,1,3,2,0,2,2,351
ABBA,0,0,0,1,0,1,0,0,0,0,370
Marc Seguí,0,0,7,5,3,3,1,0,2,3,347
Pol Granch,0,0,7,5,3,3,1,0,2,3,347
Charli XCX,0,0,12,6,10,9,6,9,9,8,302
Clinton Kane,0,0,0,5,5,2,0,0,0,2,357
John Amplificado,0,0,0,0,1,3,0,1,1,0,365
Dhruv,0,0,0,3,3,5,3,1,0,1,355
Tanishk Bagchi,0,0,0,1,1,2,2,1,2,1,361
Jubin Nautiyal,0,0,0,1,1,2,2,1,2,1,361
Asees Kaur,0,0,0,1,1,2,2,1,1,1,362
Blxst,1,1,0,1,5,7,3,1,3,1,348
Rich Brian,0,0,0,1,8,1,2,0,3,2,354
Jasleen Royal,0,3,5,1,1,2,3,0,1,2,353
B Praak,0,2,0,1,0,2,1,0,1,2,362
Romy,0,0,0,1,0,2,1,0,1,2,364
Anvita Dutt,0,0,0,1,0,2,1,0,1,2,364
Tarcísio do Acordeon,0,0,0,0,1,3,5,6,6,2,350
Matuê,0,0,0,0,3,4,3,2,3,3,353
Zé Neto & Cristiano,0,0,0,0,0,0,2,7,3,3,361
Tai Verdes,0,0,0,0,0,5,4,1,1,2,358
CORPSE,0,0,0,0,0,0,1,1,3,2,364
Night Lovell,0,0,0,0,0,0,1,0,0,0,370
Luan Santana,0,3,2,0,0,3,2,3,1,3,354
Jamie Miller,0,0,0,0,0,2,3,4,3,1,358
Coolio,0,1,0,2,1,4,9,13,20,23,298
L.V.,0,1,0,2,1,4,9,13,20,23,298
Eslabon Armado,20,17,7,2,3,3,5,0,2,1,311
DannyLux,0,0,0,0,3,3,5,0,2,1,357
A-Wall,0,0,0,0,0,0,1,0,5,1,364
Kungs,0,0,0,0,1,1,4,6,8,10,341
Becky Hill,0,12,9,10,6,2,7,9,9,13,294
Gabriel Diniz,0,0,0,0,0,1,0,0,1,1,367
Bantu,0,0,0,0,0,2,0,2,2,0,364
Lana Del Rey,8,19,11,7,27,25,33,61,34,23,251
Hailee Steinfeld,12,19,25,13,12,15,11,17,11,10,286
Alesso,11,9,10,4,6,2,2,6,7,10,306
WATT,11,9,8,3,3,1,0,5,3,4,323
DENNIS,0,0,6,3,2,1,1,1,1,2,353
MC Kevinho,0,0,0,0,0,0,1,0,2,1,366
Zac Efron,2,4,3,3,7,6,5,9,4,7,343
Zendaya,2,5,7,6,9,6,5,12,8,7,330
Lil Dicky,8,6,4,2,4,3,1,2,3,1,335
Brooks,0,6,6,3,2,0,2,2,5,2,341
Wolfine,0,12,2,4,6,7,5,2,4,1,332
Justin Timberlake,0,13,10,5,10,11,14,7,7,9,290
Jay Rock,0,6,10,6,8,8,10,10,5,10,296
James Blake,0,7,2,2,3,5,5,2,2,3,340
Miguel,4,12,11,10,8,12,10,4,14,12,279
Ina Wroldsen,0,0,3,2,2,3,5,3,0,2,349
Anitta,18,22,11,18,18,22,27,30,19,21,211
Nego do Borel,2,10,5,4,3,4,4,0,1,2,334
Portugal. The Man,3,10,22,3,5,3,5,4,5,4,305
Rae Sremmurd,4,3,10,11,8,16,14,15,13,10,306
Slim Jxmmi,0,0,7,4,3,7,2,9,4,5,338
Juicy J,0,0,7,4,2,3,3,3,2,4,343
Liam Payne,14,12,8,18,17,13,5,10,6,8,295
Sofía Reyes,0,3,17,6,3,3,3,0,4,4,326
De La Ghetto,0,1,23,12,5,6,12,6,10,6,290
BloodPop®,9,7,7,3,5,3,3,3,3,1,333
Dennis Lloyd,5,14,4,4,1,3,2,1,2,2,331
Danny Ocean,1,39,9,21,9,15,9,10,12,7,259
N.E.R.D,0,0,1,3,1,1,0,2,0,0,361
Rihanna,16,16,30,35,35,30,33,31,44,35,222
Enrique Iglesias,0,16,17,4,4,5,4,5,7,5,304
MC Fioti,0,0,0,11,6,1,1,1,1,0,348
Stefflon Don,0,0,0,14,9,6,6,3,4,1,326
Juan Magán,0,0,0,11,7,3,4,7,3,2,348
Jeon,0,0,0,7,4,1,1,0,0,1,355
Keala Settle,0,4,6,2,7,3,4,10,5,9,340
The Greatest Showman Ensemble,0,4,6,2,7,3,4,12,7,10,340
Almighty,0,0,0,2,7,3,1,6,3,12,335
Famous Dex,0,1,5,13,14,3,5,4,5,3,330
King Princess,0,0,0,4,5,4,0,1,1,0,354
Lil Skies,0,0,1,0,7,7,6,7,9,11,334
Landon Cube,0,0,0,0,6,6,2,5,5,6,350
Charlie Puth,35,39,23,21,23,23,34,19,15,15,213
Lil Xan,0,0,1,12,4,3,2,1,2,4,340
Alessia Cara,34,28,21,13,11,13,9,16,22,13,285
Lil Yachty,0,16,11,12,7,9,10,15,13,14,301
Noah Cyrus,0,0,7,14,10,10,3,19,5,13,288
Digital Farm Animals,6,7,6,8,7,7,3,6,4,5,327
Juliander,0,0,5,7,4,6,1,2,0,2,342
Jamie Scott,0,0,7,6,2,1,2,1,1,0,349
Romy Dya,0,0,7,6,2,1,2,1,1,0,349
YBN Nahmir,0,0,0,0,0,4,5,3,3,6,349
Rio Santana,0,0,0,1,0,0,1,0,0,0,367
Judah,0,0,0,1,0,0,1,0,0,0,367
Andrez Babii,0,0,0,1,0,0,1,0,0,0,367
Willy William,20,13,8,8,5,5,7,3,10,6,298
Axwell /\ Ingrosso,8,12,6,5,5,4,7,15,14,9,298
Nacho,0,0,4,11,10,11,10,20,8,1,311
Yandel,18,5,16,21,19,28,22,18,12,11,262
Belinda,0,0,0,0,1,2,3,6,2,2,353
Snova,0,0,0,0,1,2,3,6,2,2,353
B-Case,0,0,0,0,1,2,3,6,2,2,353
Joey Bada$$,0,0,0,1,0,0,0,1,1,1,365
A$AP Ferg,0,3,4,8,3,4,4,5,3,2,333
Alex Sensation,0,0,4,10,6,4,3,2,2,1,337
Dalmata,0,0,0,0,3,8,6,3,3,1,345
Zacari,1,2,8,9,4,10,10,8,2,3,315
Justin Jesso,4,7,4,5,1,2,1,3,1,2,339
Joey Montana,0,0,0,7,9,4,5,2,1,2,339
Ramz,0,0,0,0,0,0,0,3,10,4,352
Carlos Vives,0,0,0,15,8,10,6,4,6,8,312
ScHoolboy Q,0,1,2,2,2,3,0,1,3,3,354
2 Chainz,0,2,3,1,11,23,16,14,15,11,295
Saudi,0,1,2,0,1,1,0,1,1,1,361
Tom Walker,0,0,0,0,4,2,1,1,4,12,345
DJ Khaled,43,23,23,12,15,14,21,17,19,16,244
Daft Punk,41,30,30,31,23,15,17,12,28,17,190
Hugh Jackman,0,0,0,2,6,8,3,9,10,7,354
CNCO,0,9,16,16,14,16,7,5,3,7,313
Childish Gambino,6,8,10,13,12,12,11,11,11,12,274
Bryson Tiller,13,3,4,2,4,3,4,4,4,7,323
Jay Wheeler,1,16,5,10,7,5,5,4,1,4,320
DJ Nelson,1,16,3,6,4,3,2,1,1,2,329
Brray,7,10,16,11,8,1,6,8,4,2,295
Juanka,7,9,4,3,4,0,4,4,2,1,330
salem ilese,0,0,2,5,3,1,1,0,1,1,354
Jerry Di,0,0,7,4,2,1,3,4,2,2,343
Ritt Momney,4,5,2,6,2,2,5,1,5,1,335
Aya Nakamura,0,3,7,2,4,2,3,3,2,1,346
Surf Mesa,12,7,5,5,1,3,1,5,4,3,322
Emilee,12,7,5,5,1,3,1,5,4,3,322
blackbear,11,10,9,23,18,12,15,32,31,23,236
Lenny Santos,0,0,2,3,1,2,2,0,2,0,356
Nicki Nicole,3,15,11,9,8,10,5,2,5,5,297
Taiu,1,4,14,3,2,6,2,5,3,4,324
TATOOL,1,2,7,1,1,2,0,1,0,1,352
Trevor Daniel,27,5,2,11,8,10,7,7,0,3,292
StaySolidRocky,8,4,6,2,1,5,1,1,1,1,338
Black Eyed Peas,19,15,21,12,10,3,8,8,10,4,279
J. Rey Soul,4,9,3,3,2,0,4,2,1,0,340
Super Yei,0,0,0,4,4,2,0,2,1,1,354
Sammy,0,0,0,4,4,2,0,2,1,1,354
Jone Quest,0,0,0,4,4,2,0,2,1,1,354
Towy,0,0,0,4,4,2,0,2,1,1,354
Osquel,0,0,0,4,4,2,0,2,1,1,354
Beltito,0,0,0,4,4,2,0,2,1,1,354
Sammy & Falsetto,0,0,0,4,4,2,0,2,1,1,354
Big Sean,13,9,15,12,21,18,18,23,13,16,265
BØRNS,0,0,0,5,4,4,2,2,3,6,342
The Academy: Segunda Misión,0,2,5,5,7,2,3,6,7,3,338
Master KG,0,0,0,0,5,1,2,2,1,1,356
Nomcebo Zikode,0,0,0,0,5,1,2,2,1,1,356
Kendo Kaponi,0,0,0,0,3,3,2,2,1,1,356
Vedo,0,0,0,0,4,2,1,2,1,1,357
Curtis Waters,0,0,0,5,8,1,2,2,0,0,350
Harm Franklin,0,0,0,5,8,1,2,2,0,0,350
Arizona Zervas,25,8,2,3,9,8,6,6,7,1,298
Kofs,0,0,0,0,1,4,2,1,1,0,359
Soso Maness,0,0,0,0,1,5,2,3,1,0,356
Elams,0,0,0,0,1,4,2,1,1,0,359
Jul,0,0,0,0,1,4,2,1,1,0,359
SCH,0,0,0,0,1,4,2,1,2,0,358
Naps,0,0,0,0,1,4,2,1,1,1,358
Solda,0,0,0,0,1,4,2,1,1,0,359
Houari,0,0,0,0,1,4,2,1,1,0,359
13 Organisé,0,0,0,0,1,4,2,1,1,0,359
JP Saxe,0,3,10,11,10,16,9,9,7,4,289
Lele Pons,0,7,3,4,3,5,6,6,4,1,329
Guaynaa,0,8,15,7,6,6,8,6,2,6,324
WhoHeem,0,0,0,0,0,3,1,0,0,1,363
THE SCOTTS,9,2,2,3,3,3,1,3,0,1,341
Bea Miller,0,0,0,1,6,2,3,3,4,2,349
Surfaces,10,11,5,3,2,3,3,3,2,2,324
BENEE,15,4,4,1,1,2,3,0,3,0,336
Gus Dapperton,15,4,4,1,1,2,3,0,2,0,336
Dímelo Flow,0,15,15,14,20,16,14,10,5,11,296
Ashnikko,0,0,5,2,3,8,7,1,2,2,338
Melanie Martinez,0,8,3,2,2,5,3,4,3,1,338
Jowell & Randy,7,8,22,6,7,7,3,4,8,11,289
Ñengo Flow,7,13,15,14,7,7,3,4,7,7,287
Money Man,0,0,0,0,0,0,2,2,3,1,360
BANNERS,0,0,0,0,0,0,5,6,9,6,342
Earth,0,0,0,0,0,0,2,1,1,4,360
Wind & Fire,0,0,0,0,0,0,2,1,1,4,360
Wallows,0,0,0,0,0,5,6,2,8,2,345
Clairo,0,0,4,3,3,6,10,4,11,4,331
Niack,0,0,0,0,0,4,4,2,2,4,352
Two Maloka,0,0,0,0,0,4,3,2,1,2,356
DJ Léo da 17,0,0,0,0,0,4,3,2,1,2,356
Damso,0,0,0,0,0,0,1,2,0,0,366
Hamza,0,0,0,0,0,0,0,1,0,0,367
Quarterhead,0,0,0,0,4,2,5,6,5,4,342
Norma Jean Martine,0,0,1,1,4,2,5,6,5,4,340
Harry Nach,0,0,0,3,4,5,2,1,1,1,351
Pablo Alborán,0,0,0,0,0,0,1,8,4,2,353
Bon Iver,2,1,2,1,1,0,1,1,2,1,356
Kina,0,0,0,0,1,9,19,18,22,31,294
Snøw,0,0,0,0,1,9,15,11,13,25,294
Dan + Shay,7,2,9,12,5,3,1,0,9,11,309
Tame Impala,0,0,0,0,2,0,1,5,20,31,313
Passenger,0,0,0,0,0,0,0,0,5,20,343
Donna Summer,0,0,0,0,0,0,0,0,0,1,367
Jonas Esticado,0,0,0,0,0,0,0,0,4,7,357
Cheat Codes,0,31,18,12,8,18,8,17,13,15,300
Maggie Lindemann,0,14,6,4,4,3,0,5,4,3,324
CADE,0,14,6,4,4,3,0,5,4,3,324
Frank Ocean,11,11,11,3,12,7,5,5,6,13,288
Descemer Bueno,0,15,10,1,0,2,0,1,1,1,336
KYLE,0,20,12,8,5,4,6,4,5,5,298
Funk Wav,13,6,13,4,4,5,3,5,11,6,323
William Singe,12,7,4,1,4,4,3,5,4,1,322
Chris Jedi,0,0,23,13,10,7,10,2,9,2,294
Arcángel,12,15,28,13,17,13,15,14,14,16,232
Burak Yeter,0,0,3,11,4,2,4,3,0,3,337
Danelle Sandoval,0,0,3,11,4,2,4,3,0,3,337
Lord Huron,0,0,3,8,3,4,3,6,8,17,315
Martin Jensen,0,13,8,4,7,3,3,2,2,3,322
Starley,10,10,1,3,5,1,2,3,3,2,327
Ryan Riback,10,10,1,3,5,1,2,3,3,2,327
Pitbull,0,0,0,15,11,10,6,5,6,2,328
Cashmere Cat,0,0,0,3,6,7,4,1,2,1,343
Shakira,48,30,61,51,35,29,18,17,25,21,152
PARTYNEXTDOOR,3,10,15,9,4,7,5,2,4,5,322
Sam Hunt,0,0,0,20,8,2,2,5,3,2,325
Skip Marley,7,2,3,2,2,3,2,2,1,2,341
JP Cooper,0,0,4,15,5,5,4,6,8,12,337
Kiiara,0,0,1,0,2,5,5,5,3,4,346
Felix Snow,0,0,0,0,0,5,1,0,0,1,360
AJR,0,4,8,4,3,5,3,2,2,2,334
Daya,0,3,3,5,4,16,8,7,5,5,314
MØ,2,7,7,7,6,11,21,10,13,24,326
Major Lazer,4,24,12,8,11,26,24,15,22,33,286
Gavin James,0,0,0,0,0,5,4,3,1,1,353
Alok,0,7,3,4,5,6,5,7,3,1,326
Zeeba,0,7,3,4,5,3,4,6,1,1,333
Bruno Martini,0,7,3,4,5,3,4,6,1,1,333
Mike Posner,0,1,2,4,3,8,10,5,3,1,331
Seeb,0,1,9,9,6,11,13,8,5,7,315
James Blunt,0,0,5,8,3,5,3,0,2,2,339
Ricky Martin,0,0,3,6,2,4,10,3,2,3,334
Ayo & Teo,0,0,0,0,2,3,7,6,2,3,344
Paramore,0,0,0,0,2,0,3,0,1,1,361
Vice,0,0,0,0,6,2,4,2,3,1,349
Jon Bellion,0,6,5,3,2,4,5,2,4,1,343
Iggy Azalea,0,0,0,0,0,0,0,1,0,0,366
BIA,0,0,8,4,2,5,4,5,6,3,330
Sky Rompiendo,1,2,10,5,4,6,5,6,6,3,319
Twenty One Pilots,0,5,9,14,15,11,16,21,27,30,305
Fifth Harmony,0,0,4,10,5,3,5,11,8,2,329
Don Omar,0,0,7,3,0,5,4,17,15,7,309
DRAM,0,0,4,4,2,3,4,7,5,3,338
IAmChino,0,0,0,2,4,8,4,4,3,2,340
El Chacal,0,0,0,2,4,8,4,4,3,2,340
Linkin Park,0,3,1,2,6,5,5,7,11,15,340
The Vamps,0,10,2,3,1,1,3,2,2,2,341
Matoma,0,10,2,3,1,1,3,2,2,2,341
Steve Aoki,8,2,4,2,8,5,4,2,7,4,322
Louis Tomlinson,14,9,3,2,6,2,4,5,7,4,312
U2,1,0,1,1,0,1,1,0,1,0,361
Cali Y El Dandee,0,0,0,0,0,0,0,0,5,16,346
Shaggy,0,0,0,3,3,3,0,2,4,9,343
Desiigner,0,0,0,4,6,4,4,2,9,11,328
Wiz Khalifa,0,0,0,6,4,5,18,22,11,25,281
X Ambassadors,0,0,0,10,4,3,3,4,6,7,331
DNCE,0,0,0,1,0,3,2,2,4,10,345
Cookin' On 3 Burners,0,0,0,0,1,1,4,4,7,4,346
9lokknine,0,4,5,1,2,0,3,2,2,3,344
Ozzy Osbourne,3,4,5,1,2,0,1,1,1,1,347
ILLENIUM,0,8,8,1,0,1,1,2,5,8,332
Lennon Stella,0,8,8,1,0,1,1,2,7,12,326
Ant Saunders,0,0,4,3,3,3,1,0,0,0,352
Rich Music LTD,0,0,5,5,3,7,2,8,2,1,342
Zion,0,0,5,9,14,19,14,5,17,8,317
Lalo Ebratt,0,0,2,5,5,7,3,1,1,1,341
Death Stranding: Timefall,0,0,2,1,1,0,1,0,0,1,360
Apache 207,0,0,3,8,6,7,8,9,4,7,331
El Alfa,0,0,6,4,10,10,10,12,9,9,299
Social House,5,5,1,0,1,1,2,1,1,3,346
True Damage,0,0,0,0,0,0,2,0,0,0,364
Keke Palmer,0,0,0,0,0,0,2,0,0,0,364
JEON SOYEON,0,0,0,0,0,0,2,0,0,0,364
Duckwrth,0,0,0,0,0,0,2,0,0,0,364
Thutmose,0,0,0,0,0,0,2,0,0,0,364
Nimo,0,0,0,0,1,2,0,1,0,0,362
Quality Control,0,0,0,1,6,3,5,3,0,0,348
Dadá Boladão,0,0,0,0,0,0,0,2,1,4,359
Tati Zaqui,0,0,0,0,0,0,0,2,1,4,359
OIK,0,0,0,0,0,0,0,2,1,4,359
Marracash,0,0,0,0,0,0,2,1,2,0,361
Sfera Ebbasta,0,0,0,1,0,2,5,0,7,8,349
Why Don't We,0,0,0,0,0,4,3,1,8,5,345
Oliver Heldens,0,0,0,0,0,0,1,3,4,2,356
Vula,0,0,0,0,0,0,1,3,4,2,356
Noriel,0,0,0,0,0,0,4,3,12,10,337
Adriana Proenza,0,0,0,0,0,0,4,7,9,6,340
MadeinTYO,0,0,0,1,0,0,1,1,1,1,361
Jung Kook,64,17,9,8,9,6,6,7,5,4,277
Latto,33,0,0,0,0,0,0,0,0,0,332
Peso Pluma,131,94,67,27,15,22,25,16,21,21,292
Kenya Grace,5,1,0,1,0,0,0,0,0,0,358
Quevedo,44,13,23,31,22,18,13,15,15,13,280
Gabito Ballesteros,26,31,11,3,2,3,1,0,0,0,305
Junior H,29,24,22,18,7,7,13,7,9,14,292
Arctic Monkeys,5,43,28,19,26,38,48,53,53,64,238
David Kushner,24,3,0,0,0,0,1,0,0,0,337
Anirudh Ravichander,0,10,2,3,1,0,0,0,0,1,348
Arijit Singh,1,17,13,10,4,3,4,6,1,3,312
Shilpa Rao,0,10,2,2,0,0,0,0,2,0,349
Kumaar,0,10,2,2,0,0,1,1,2,0,349
Central Cee,22,26,9,5,3,5,4,4,3,4,292
Zach Bryan,18,8,2,3,10,9,7,13,6,6,304
Kacey Musgraves,18,8,1,0,0,0,0,0,0,0,338
cassö,17,9,1,0,0,1,0,0,0,0,337
D-Block Europe,17,9,1,0,0,1,0,0,0,0,337
Carin Leon,16,17,12,12,5,4,5,3,2,4,304
Young Miko,30,22,10,10,2,0,2,1,0,2,315
Calle 24,19,7,3,1,0,0,0,0,0,0,339
Chino Pacas,19,9,11,7,5,2,1,3,1,1,314
Fuerza Regida,43,21,18,20,7,12,5,7,6,7,304
NewJeans,17,18,11,9,15,18,13,10,6,10,309
Madonna,15,19,3,2,0,0,0,1,0,0,325
Grupo Frontera,29,41,54,36,10,11,11,10,7,11,290
Yng Lvcas,20,12,8,2,3,3,2,1,2,0,317
Harrykahanhai,0,3,5,0,1,0,2,0,0,0,354
Ice Spice,20,7,13,8,3,5,2,3,2,3,323
Aqua,7,2,9,1,1,1,0,1,1,0,343
Rema,28,29,19,4,0,5,5,12,10,3,279
Peggy Gou,0,5,6,1,4,1,0,0,0,0,348
Jimin,8,21,11,4,6,0,5,3,2,4,325
Bad Gyal,0,0,3,8,2,0,2,1,1,0,348
Tokischa,0,0,3,8,2,0,1,2,0,1,348
Grupo Firme,12,4,4,6,4,0,0,0,0,0,335
FIFTY FIFTY,16,5,3,2,0,3,1,3,4,1,334
Alex Favela,2,6,6,3,2,1,0,1,0,0,344
Grupo Marca Registrada,2,13,8,3,2,1,4,4,6,6,320
Joaquin Medina,2,6,6,3,2,1,0,1,0,0,344
Dj GBR,0,7,5,0,3,4,1,2,2,0,341
Mc IG,0,7,5,0,3,1,0,1,0,0,348
MC Ryan SP,0,7,5,0,3,1,0,6,1,8,337
MC PH,0,7,5,0,3,1,1,2,2,1,343
Mc Luki,0,7,5,0,3,1,0,1,0,0,348
Mc Kadu,0,7,5,0,3,1,0,1,0,0,348
TrapLaudo,0,7,5,0,3,1,0,1,0,0,348
MC GP,0,7,5,0,3,2,1,1,1,2,343
MC GH do 7,0,7,5,0,3,1,0,1,0,0,348
Hotel Ugly,0,0,0,0,6,2,3,7,10,16,323
Coi Leray,1,6,11,12,8,6,4,1,3,0,328
Stephen Sanchez,3,42,25,14,15,5,3,6,3,5,274
Em Beihold,2,20,19,10,11,8,1,3,1,0,290
Tears For Fears,0,0,0,0,2,14,17,8,9,8,307
TOMORROW X TOGETHER,0,0,0,1,0,1,1,0,1,3,359
Emilia,3,10,5,2,3,4,0,2,1,1,334
Rusherking,1,5,2,4,3,5,0,1,1,1,342
Big One,1,5,2,2,6,7,1,4,5,3,339
FMK,1,5,2,2,6,7,1,4,5,3,339
SAIKO,0,0,0,3,1,3,2,1,1,3,354
Bibi Babydoll,0,0,0,0,3,3,1,2,0,1,355
Dj Brunin XM,0,0,0,0,3,3,1,2,0,1,355
KZA Produções,0,0,0,0,3,3,1,2,0,1,355
d4vd,11,26,18,15,10,10,11,8,1,0,306
Macklemore & Ryan Lewis,0,8,7,0,2,3,14,23,17,29,262
Ryan Lewis,0,8,7,0,2,3,14,23,17,29,262
Ray Dalton,0,8,7,0,2,3,14,23,17,29,262
Luke Combs,0,1,0,0,10,4,11,3,1,3,332
JVKE,7,23,17,4,4,5,5,4,2,2,300
Cigarettes After Sex,0,0,0,0,3,10,19,19,10,5,299
Luan Pereira,0,0,0,0,0,0,0,2,0,1,362
Mc Daniel,0,0,0,0,0,0,0,2,0,1,362
PinkPantheress,13,4,4,6,2,3,2,6,3,5,322
Ryan Castro,0,3,7,4,6,3,5,10,7,1,329
SOG,0,0,0,0,0,0,1,5,3,0,356
MC Kevin o Chris,0,0,6,6,3,3,5,4,2,5,338
Dj Nk Da Serra,0,0,0,3,1,1,1,1,1,1,356
Mc Magrinho,0,0,0,3,1,1,1,1,1,1,356
Keane,0,0,0,0,0,1,10,14,18,9,313
Radiohead,0,0,0,0,0,0,0,6,7,5,347
New West,0,0,0,0,14,7,4,9,6,0,325
Jasiel Nuñez,0,0,0,0,0,1,7,1,6,4,348
Ghea Indrawari,0,0,0,0,0,5,0,0,2,1,357
TV Girl,0,0,0,0,0,0,0,2,11,4,348
Loreen,1,2,3,1,1,3,3,3,3,3,342
Creedence Clearwater Revival,0,0,0,0,0,0,0,0,4,9,352
Dwele,0,3,14,1,0,0,0,0,2,3,342
S3BZS,0,0,0,0,3,3,2,0,4,2,351
Mc Gw,0,0,0,0,3,3,2,0,4,2,351
Mc Menor Do Alvorada,0,0,0,0,3,3,2,0,4,2,351
Oliver Anthony Music,0,1,1,1,0,0,2,0,0,1,359
Kim Petras,28,6,3,6,3,3,2,0,3,4,307
One Direction,0,0,0,0,0,9,25,17,9,10,296
Plan B,0,0,0,0,0,0,0,1,1,7,356
Doechii,0,0,0,0,3,4,2,2,1,3,350
Natanael Cano,15,28,14,10,4,5,4,5,8,8,317
Grupo Menos É Mais,0,0,0,0,0,0,0,0,0,1,364
JISOO,2,4,1,1,2,2,0,1,1,0,351
070 Shake,10,4,10,2,3,1,4,2,1,2,332
Milo j,3,5,12,2,1,5,3,4,3,3,333
Lizzy McAlpine,0,3,4,3,1,1,1,2,0,0,349
Cartel De Santa,2,1,2,1,2,1,1,0,1,0,353
La Kelly,2,1,2,1,2,1,1,0,1,0,353
Libianca,0,2,15,10,2,3,1,1,0,0,330
Oscar Maydon,2,3,8,13,0,2,3,1,1,2,329
LiL CaKe,0,0,6,4,1,3,2,1,1,1,345
Migrantes,0,0,6,4,1,3,4,3,3,4,336
Nico Valdi,0,0,6,4,1,3,2,1,1,1,345
Bomba Estéreo,23,8,6,12,6,1,4,5,5,8,286
AgroPlay,0,0,1,3,6,6,3,4,1,2,338
Ana Castela,0,3,3,4,8,12,6,9,9,14,307
Meghan Trainor,6,9,5,2,7,2,1,5,5,5,323
Rosa Linn,10,11,7,7,4,4,6,2,2,5,306
sped up nightcore,0,0,3,2,1,2,2,1,1,1,351
ARIZONATEARS,0,0,3,2,1,2,2,1,1,1,351
INTERWORLD,0,0,0,0,2,7,5,1,6,3,340
RAF Camora,0,0,0,0,2,1,2,7,2,5,348
Luciano,0,0,1,3,0,4,6,2,3,3,342
Kenia OS,0,0,0,0,0,1,2,1,2,1,357
Igow,0,0,0,0,0,1,0,1,0,0,362
Wesley Safadão,0,0,0,0,0,2,4,7,6,0,345
El Chachito,0,0,0,0,0,0,2,3,2,3,354
Ovy On The Drums,0,0,1,8,4,2,4,1,0,3,341
Gorillaz,1,2,1,0,1,2,2,1,4,2,352
Raim Laode,0,0,0,2,1,1,0,4,4,2,350
Cris Mj,9,14,6,6,5,9,2,2,6,2,307
Standly,0,0,0,3,3,4,1,1,3,1,348
Stars Music Chile,0,0,0,3,3,4,1,1,3,1,348
Lyanno,0,1,12,8,8,14,9,7,10,7,288
Dina Rae,0,0,0,0,0,4,5,11,7,7,330
Mae Stephens,0,0,0,0,0,0,1,2,3,3,355
Kordhell,0,0,0,0,10,12,5,2,5,1,329
Mahalini,0,0,0,2,1,1,1,1,0,4,354
ThxSoMch,0,0,0,3,5,1,3,5,2,2,343
Nicky Youre,0,15,3,4,3,4,2,3,5,9,316
dazy,0,15,3,4,3,4,2,3,5,9,316
Rochy RD,0,8,3,2,1,2,1,0,1,1,344
Nathan Evans,0,7,3,2,2,0,2,1,2,0,344
220 KID,0,7,3,2,2,0,2,1,2,0,344
Young Stoner Life,0,1,1,3,0,1,0,4,2,1,352
Boza,4,8,8,1,5,3,0,1,2,3,328
Malu,0,0,0,0,4,1,1,2,0,2,353
DJ Lucas Beat,0,0,0,0,4,1,1,2,0,2,353
Princess Nokia,0,0,0,0,2,2,3,1,1,1,353
ROSÉ,1,2,2,1,2,1,0,2,1,0,355
Beach Bunny,0,0,0,0,1,4,2,1,0,1,354
Gym Class Heroes,0,0,0,1,3,2,2,3,6,9,347
Pink Sweat$,0,0,0,8,6,0,4,3,2,5,335
ElyOtto,0,0,3,4,0,1,2,0,1,1,351
Milly,0,0,2,4,3,2,3,3,0,2,344
Amenazzy,0,0,2,4,3,2,3,3,2,6,338
Gotye,0,0,0,0,0,0,4,5,6,4,344
Kimbra,0,0,0,0,0,0,4,5,6,4,344
Evaluna Montaner,0,1,2,4,2,4,1,3,2,2,342
Raí Saia Rodada,0,0,0,0,1,4,3,2,1,1,351
MARINA,0,0,0,0,0,0,1,1,5,1,355
Moneybagg Yo,0,0,0,4,4,1,2,5,1,1,345
Adam Levine,0,0,0,0,0,0,2,2,5,10,344
Pooh Shiesty,0,0,0,0,1,4,2,2,1,2,351
Diego & Victor Hugo,0,0,0,0,0,0,3,3,6,1,350
Bruno & Marrone,0,0,0,0,0,0,3,3,6,1,350
Mimi Webb,0,0,0,0,0,0,0,0,0,1,362
ElGrandeToto,0,0,0,0,1,1,0,0,1,1,358
Chlöe,0,0,0,0,2,2,2,0,1,0,355
Mc Anjim,0,0,0,0,0,1,4,0,2,1,354
Dj Lv Mdp,0,0,0,0,0,1,4,0,2,1,354
DJ PH DA SERRA,0,0,0,0,0,1,4,0,2,1,354
$uicideboy$,0,0,0,0,1,2,1,2,0,1,355
Cults,0,0,0,0,0,0,1,1,2,3,355
Amber Coffman,0,0,0,0,0,0,1,1,2,3,355
Sub Urban,0,0,0,0,0,0,0,0,0,6,356
Leo Santana,0,3,1,0,1,0,0,0,1,0,355
Lazza,0,0,1,0,1,0,1,0,0,1,357
King,0,1,4,7,2,0,1,0,0,2,344
,2,4,0,2,5,3,0,2,3,0,346
Mikky Ekko,0,0,1,0,1,0,0,0,1,0,358
Mr.Rain,0,0,0,0,1,0,0,0,0,0,360
Kaifi Khalil,0,0,0,1,1,1,2,1,1,0,354
Marco Mengoni,0,0,0,0,0,1,0,0,0,0,360
Fujii Kaze,0,0,0,10,9,3,2,1,1,2,333
LE SSERAFIM,0,0,0,4,6,7,3,2,4,2,333
Mac DeMarco,0,0,0,0,0,1,1,3,2,5,349
WIU,0,0,0,0,1,1,1,1,1,1,355
Beach Weather,0,0,2,5,6,1,8,2,5,1,331
Ayra Starr,0,0,0,0,0,0,0,0,1,2,358
Yuridia,0,0,0,0,0,0,1,5,3,3,349
Ángela Aguilar,0,0,0,0,0,0,2,5,3,3,348
Madame,0,0,0,0,0,0,0,1,1,0,359
Baby Tate,11,4,0,1,0,0,0,1,1,0,343
TAEYANG,0,1,0,0,2,0,1,0,1,2,354
Beach House,0,0,0,0,0,1,2,4,7,7,340
Michael Jackson,5,1,2,1,2,2,3,2,1,4,337
Juju,0,0,1,3,0,3,0,2,3,1,347
Au/Ra,0,0,0,4,4,1,3,0,1,1,346
Tomine Harket,0,0,0,4,4,1,3,0,1,1,346
Alvaro Soler,0,0,5,3,4,0,4,2,1,1,342
Emily Warren,0,0,0,0,6,7,4,3,1,1,339
Luis Figueroa,0,0,0,0,14,2,1,1,3,1,338
Lary Over,0,0,0,0,14,2,1,1,3,1,338
Cosculluela,0,0,0,7,4,6,3,3,1,4,332
Bonez MC,0,0,0,1,5,2,3,6,4,8,336
Thalia,0,0,0,4,4,5,2,1,2,0,342
Bonn,0,0,0,0,4,11,1,1,2,0,341
Olly Alexander (Years & Years),0,0,0,3,1,0,3,1,0,5,347
Kris Kross Amsterdam,0,0,4,1,3,1,3,6,0,4,338
The Boy Next Door,0,0,4,1,3,0,3,2,0,2,345
Conor Maynard,0,0,4,1,3,1,6,3,1,2,339
Flo Rida,0,0,0,0,2,6,3,2,1,1,345
The Carters,0,2,2,1,1,0,1,1,1,1,350
Ryan Tedder,0,0,0,1,0,0,0,1,0,0,358
Leslie Grace,0,0,0,0,0,0,4,3,4,4,345
LANY,0,1,2,2,3,5,7,1,3,3,333
Mac Miller,2,2,3,5,4,4,1,4,3,3,347
Journey,0,0,0,0,0,0,0,0,0,9,351
Brett Eldredge,0,0,2,0,1,1,1,1,2,2,349
Liz Gillies,0,0,0,1,1,0,2,1,2,0,352
Pentatonix,0,0,0,0,0,3,1,0,3,2,350
Peter Manos,0,0,0,0,0,0,0,0,0,1,358
DripReport,0,3,5,5,2,1,1,2,0,1,338
Alida,0,0,0,0,6,5,0,0,4,0,343
Sam Fischer,0,0,0,0,0,10,2,1,0,3,342
IU,0,1,1,2,0,1,1,1,1,0,350
Stunna 4 Vegas,0,0,0,0,0,2,3,3,1,1,348
Mike WiLL Made-It,0,0,0,0,0,2,3,3,1,1,348
JACKBOYS,0,3,0,5,4,6,14,6,1,3,322
Fousheé,0,0,0,6,5,2,1,4,2,1,337
KEVVO,0,0,0,0,0,0,0,1,5,3,349
Bryant Myers,1,1,1,0,4,3,2,2,13,7,324
PUBLIC,0,0,0,0,0,0,4,4,3,4,343
Vicetone,0,0,0,0,1,2,2,0,1,2,350
Tony Igy,0,0,0,0,1,2,2,0,1,2,350
S1mba,0,0,0,2,4,1,3,1,2,1,344
DTG,0,0,0,2,4,1,3,1,2,1,344
Natalie Taylor,0,0,0,0,0,0,0,1,3,2,352
G Herbo,0,0,0,0,0,0,4,1,2,5,346
Rob49,1,0,0,0,1,0,0,1,0,0,354
Westside Gunn,0,0,1,0,0,0,0,0,0,0,356
Yung Lean,0,0,4,1,1,1,0,1,0,0,349
Dave Chappelle,0,0,1,0,0,0,0,0,0,0,356
Yahritza Y Su Esencia,0,2,10,4,2,1,2,1,2,1,332
Ryan Gosling,0,0,0,2,0,2,1,3,0,1,348
Mc Livinho,0,0,0,0,2,3,1,1,0,1,349
DJ Matt D,0,0,0,0,2,4,2,1,1,3,344
Anggi Marito,0,0,0,2,5,2,5,1,1,1,340
Shubh,0,0,0,0,3,1,2,0,1,2,348
Laufey,0,0,0,0,0,0,2,3,3,0,349
Jain,0,0,1,1,3,1,1,1,0,1,348
Vulgo FK,0,0,0,0,0,1,2,1,3,3,347
Veigh,0,0,0,0,0,0,4,4,6,3,344
Pedro Lotto,0,0,0,0,0,0,1,1,2,1,352
Fepache,0,0,0,0,0,0,1,1,2,1,352
Bvga Beatz,0,0,0,0,0,0,3,3,4,2,345
Prod Malax,0,0,0,0,0,0,3,3,4,2,345
Supernova Ent,0,0,0,0,0,0,3,3,4,2,345
Lucenzo,0,0,5,2,0,3,4,3,5,1,334
(G)I-DLE,0,0,0,2,2,7,4,4,4,4,330
Ke Personajes,0,0,0,0,3,3,1,4,4,3,339
Bobby Shmurda,1,1,0,1,1,2,1,0,0,1,348
Fabolous,0,0,0,0,0,1,0,0,0,0,355
Stan Kenton,0,0,0,0,0,0,0,0,1,0,355
DJ SpinKing,0,0,0,0,2,1,2,0,2,4,345
MC L da Vinte,0,0,0,0,0,0,0,1,0,1,354
MC Gury,0,0,0,0,0,0,0,1,0,1,354
Jesse®,0,0,0,0,0,0,0,0,0,1,355
Black Coffee,0,2,0,1,1,0,0,1,1,0,349
Jorja Smith,0,2,0,1,2,1,4,6,3,0,336
Giggs,0,2,2,0,2,0,1,1,0,1,350
Snakehips,0,1,5,5,2,0,1,1,1,1,338
Olivia Holt,0,0,0,3,4,6,1,1,1,0,339
Knox Fortune,0,0,0,0,0,3,0,2,0,1,349
Sampha,1,0,2,0,1,1,0,0,1,0,349
Aminé,0,0,9,1,1,3,6,5,3,4,323
Aaron Carter,0,0,0,0,0,4,3,1,1,0,346
Phoebe Ryan,0,5,2,2,1,2,3,1,2,0,337
Marian Hill,0,0,0,0,0,3,1,3,1,2,345
Petit Biscuit,0,0,7,3,2,2,0,1,3,0,337
Charly Black,0,0,0,0,0,0,4,4,5,2,340
MAX,0,0,0,0,0,0,1,4,7,5,338
gnash,0,0,0,3,4,1,1,2,1,6,337
Olivia O'Brien,0,0,0,3,4,1,1,2,1,6,337
Kid Ink,0,0,0,0,0,0,0,1,5,3,346
Nyla,0,0,0,1,0,3,2,1,4,5,340
Fuse ODG,0,0,0,1,0,3,2,1,3,5,340
Chino & Nacho,0,0,0,0,0,0,1,9,1,2,342
Sage The Gemini,0,8,2,1,0,1,0,1,1,1,340
Clever,1,1,1,2,3,0,0,0,1,1,344
BROCKHAMPTON,0,2,5,1,1,2,2,3,2,2,335
London On Da Track,0,0,1,0,1,0,1,0,1,1,349
Burna Boy,0,1,3,4,10,11,5,6,7,0,307
TOKYO’S REVENGE,0,0,0,0,0,0,2,4,1,1,346
Joker Bra,0,0,0,1,1,0,0,0,1,0,351
VIZE,0,0,0,1,1,0,0,0,2,4,346
Disney,0,0,0,0,0,2,0,4,2,4,342
Agust D,0,2,3,1,1,0,1,1,0,1,346
Alexander 23,0,0,0,0,0,0,0,2,3,0,348
jxdn,0,0,0,0,0,0,0,0,0,1,352
NATHY PELUSO,0,0,0,1,6,2,1,2,2,0,338
Luísa Sonza,0,0,1,0,3,5,3,3,3,7,328
Pabllo Vittar,0,0,0,0,0,5,2,3,2,3,337
Os Barões Da Pisadinha,0,0,0,0,0,2,5,10,5,5,328
Alico,0,0,0,0,0,0,2,2,2,3,343
C. Tangana,0,0,2,4,5,1,5,5,4,5,322
Niño de Elche,0,0,2,0,1,1,2,3,2,1,340
La Húngara,0,0,2,0,1,1,2,3,2,1,340
Nuka,0,0,0,0,0,3,3,3,2,3,338
HAIM,1,0,0,0,1,0,0,0,2,0,348
Petter Ferraz,0,0,0,0,0,0,0,0,2,0,350
Menor Nico,0,0,0,0,0,0,0,0,2,0,350
KIDDO,0,0,0,0,4,0,4,1,2,1,340
Xand Avião,0,0,0,0,0,0,0,0,2,3,347
Jorge & Mateus,0,0,0,0,0,0,0,0,0,5,347
Mother Mother,0,0,0,0,0,1,4,7,0,3,337
Vishal-Shekhar,0,0,0,0,0,0,1,1,2,0,349
Sukriti Kakar,0,0,0,0,0,0,1,1,0,0,349
Vishal Dadlani,0,0,0,0,0,0,1,1,2,0,349
Shekhar Ravjiani,0,0,0,0,0,0,1,1,2,0,349
FIFA Sound,2,1,1,2,1,2,1,1,1,0,339
La Joaqui,0,0,0,0,0,0,0,0,1,2,348
Caralisa Monteiro,0,0,0,0,0,0,0,0,2,0,349
Mr.Kitty,0,0,0,0,0,9,12,4,12,3,311
Gustavo Mioto,0,0,0,0,1,1,4,3,4,5,333
Seafret,0,0,0,7,2,5,2,2,2,6,325
Baby Rasta,0,0,5,2,3,5,1,1,0,1,333
Game of Thrones,0,1,1,1,1,0,0,1,0,0,345
John Mayer,1,1,1,6,5,2,2,1,3,2,327
Victoria Monét,0,1,1,2,0,1,0,0,0,0,345
Calboy,0,0,0,0,3,1,7,4,1,1,333
Gaby Music,0,0,3,0,0,2,6,0,2,0,337
Theresa Rex,0,0,0,0,2,2,1,2,4,2,337
Summer Cem,0,0,0,0,1,1,4,1,3,0,340
KC Rebell,0,0,0,0,1,0,2,4,2,0,341
Nipsey Hussle,0,0,0,1,1,1,0,0,2,0,345
Hit-Boy,0,0,0,1,1,0,0,1,2,0,345
Gaullin,0,0,0,0,0,0,0,2,2,2,344
RIN,0,0,0,0,0,1,1,0,2,2,343
Bausa,0,0,0,0,2,4,3,0,2,2,336
LEA,0,1,1,1,1,1,0,1,0,1,342
Gambi,0,0,0,0,1,0,0,2,1,0,345
Lauren Jauregui,0,0,0,0,0,2,0,0,2,0,344
Shawn Hook,0,0,0,0,0,5,3,0,0,0,340
Vanessa Hudgens,0,0,0,0,0,5,3,0,0,0,340
Nick Jonas,0,0,0,0,0,0,0,2,1,2,343
Yeat,9,11,1,0,0,0,2,0,1,3,320
Lily-Rose Depp,17,2,0,0,0,0,0,1,0,1,326
Tropa do Bruxo,0,3,0,0,0,0,0,0,0,0,344
DJ Ws da Igrejinha,0,3,0,0,0,0,0,0,0,0,344
SMU,0,3,0,0,0,0,0,0,0,0,344
Triz,0,3,0,0,0,0,0,0,0,0,344
Mc Menor Thalis,0,3,0,0,0,0,0,0,0,0,344
Bellakath,0,9,3,0,2,1,4,1,2,1,324
Dani Flow,0,9,3,0,0,0,0,0,2,0,333
Sexyy Red,7,7,5,0,1,0,0,0,0,0,327
"Bobby ""Boris"" Pickett",0,0,1,0,0,0,0,0,0,0,346
The Crypt-Kickers,0,0,1,0,0,0,0,0,0,0,346
Kesha,0,1,9,7,3,3,2,3,6,3,320
Skylar Grey,8,8,4,3,4,4,4,2,3,3,304
Sigala,0,0,0,1,7,3,1,1,1,4,328
Ella Eyre,0,0,0,1,7,3,3,5,1,5,321
Pusha T,0,1,9,3,0,2,0,1,1,1,329
Trey Songz,0,0,0,0,0,11,4,1,4,2,324
Jhené Aiko,0,0,0,0,0,11,5,3,4,3,320
ItaloBrothers,0,0,0,0,1,3,5,4,2,1,330
Moon Taxi,0,0,0,0,0,3,2,3,1,1,336
Cash Cash,0,0,0,0,0,1,3,1,1,0,340
Jennifer Lopez,0,0,0,0,0,0,0,1,3,3,339
Gente De Zona,0,0,0,0,0,6,4,5,6,5,320
Rex Orange County,0,0,0,0,0,1,3,1,5,2,334
Anna of the North,0,0,0,0,0,0,0,0,1,0,345
Hight,0,0,0,0,0,0,1,5,2,2,336
Alex Aiono,0,0,0,0,0,0,1,5,2,2,336
187 Strassenbande,0,0,0,0,0,0,0,0,0,2,344
Gzuz,0,0,0,0,1,0,1,2,1,4,338
Stevie Nicks,0,0,0,0,0,0,0,0,0,1,345
DJ Jeeh FDC,0,0,0,0,0,0,0,1,0,0,344
MC Menor MT,0,0,0,0,0,0,0,1,0,0,344
Yuri Redicopa,0,0,0,0,0,0,0,1,0,0,344
Mc Pelé,0,0,0,0,0,0,0,1,0,0,344
TWISTED,0,0,0,0,0,0,1,0,2,6,336
Fast & Furious: The Fast Saga,1,3,0,0,2,0,2,0,2,7,329
Udo Lindenberg,0,0,0,0,0,0,0,1,1,0,343
Freddie Dredd,0,0,0,0,0,0,0,2,6,2,335
AYLIVA,0,0,0,0,0,0,1,0,0,1,343
Kate Bush,17,3,1,2,1,4,1,1,2,2,311
Matt OX,0,0,0,0,1,0,0,0,0,0,343
Loren Allred,0,0,0,0,3,2,1,1,4,0,332
Ziv Zaifman,0,0,0,0,3,3,1,0,3,1,332
Michelle Williams,0,0,0,0,3,3,1,0,3,4,332
ZAAC,0,1,2,3,1,5,5,6,4,3,313
Maejor,0,1,2,2,1,2,1,0,2,1,331
Tropkillaz,0,1,2,3,1,3,3,3,3,1,323
DJ Yuri Martins,0,1,2,2,1,2,1,0,2,1,331
Dj Kass,0,0,0,0,0,1,1,1,0,1,339
Big Shaq,0,2,6,2,2,1,0,1,3,2,324
Fetty Wap,0,2,1,2,1,5,5,3,4,3,317
Daniel Everidge,0,0,0,0,0,0,0,3,2,1,337
Ghali,0,0,0,1,0,0,0,0,0,1,341
Nate Dogg,0,0,0,0,2,3,3,8,10,28,289
Oh Wonder,0,0,8,2,1,2,1,4,3,5,320
AFROJACK,0,0,0,0,1,3,3,2,3,2,329
Gabriela,0,0,0,0,0,0,1,0,0,0,341
Banda MS de Sergio Lizárraga,0,0,0,1,0,0,0,1,0,0,340
Snoop Dogg,1,4,3,3,3,7,2,2,1,3,316
Sosa Geek,0,0,1,0,0,0,0,0,1,0,340
Ashe,0,0,5,3,2,1,0,0,1,0,330
Mozzy,0,0,0,2,1,1,0,0,0,1,336
ITZY,0,0,0,1,5,4,0,3,2,2,324
girl in red,0,0,0,2,3,0,1,3,3,0,329
Victor Cardenas,0,0,0,0,0,6,1,1,4,2,327
Dj Adoni,0,0,0,0,0,0,0,0,2,0,339
MKTO,0,0,0,0,0,0,2,3,1,0,335
Walker Hayes,0,0,0,0,0,0,0,0,3,4,334
My Chemical Romance,0,0,0,0,0,0,1,0,0,1,339
Poo Bear,0,0,1,6,2,1,1,1,1,3,324
Yo Gotti,0,0,0,2,4,7,3,4,5,4,316
Tay-K,0,0,0,0,0,2,5,1,2,3,327
Abraham Mateo,0,0,0,0,0,0,9,5,2,3,321
Christian Daniel,0,0,0,0,0,0,9,5,2,3,321
Jesse & Joy,0,0,0,0,0,6,4,4,3,2,321
Thomas Rhett,0,0,0,0,0,1,1,1,4,5,328
The Script,0,0,0,0,0,0,0,1,2,2,335
Astrid S,0,0,0,0,0,0,0,0,2,4,334
Vishal Mishra,2,5,2,1,0,0,0,0,0,0,329
Raj Shekhar,2,5,2,1,0,0,0,0,0,0,329
Manan Bhardwaj,2,1,0,0,0,0,0,0,0,0,336
Bhupinder Babbal,2,1,0,0,0,0,0,0,0,0,336
ATL Jacob,12,0,0,0,0,0,0,0,0,0,327
Shreyas Puranik,1,3,3,0,0,0,0,0,0,0,332
Siddharth - Garima,1,3,3,0,0,0,0,0,0,0,332
Jaani,0,2,0,0,0,0,0,0,0,0,337
Tito Double P,0,2,6,0,0,0,0,0,1,0,330
UMI,0,1,1,0,0,0,0,0,0,0,336
Xavi,0,9,7,0,0,0,0,0,0,0,328
Los Dareyes De La Sierra,0,9,1,1,0,0,0,0,0,0,327
Jere Klein,0,4,8,1,0,0,0,0,0,0,325
Gittobeatz,0,4,8,1,0,0,0,0,0,0,325
JC NO BEAT,0,1,1,0,0,0,0,0,0,0,336
DJ F7,0,1,1,0,0,0,0,0,0,0,336
MC Meno Dani,0,1,1,0,0,0,0,0,0,0,336
Silva Mc,0,1,1,0,0,0,0,0,0,0,336
Eugenio Esquivel,0,7,2,0,0,0,0,0,0,0,329
Sebastian Esquivel,0,7,2,0,0,0,0,0,0,0,329
Tony Aguirre,0,0,6,0,0,0,0,0,0,3,329
The Andrews Sisters,0,1,1,0,0,0,0,0,1,0,334
The Puppini Sisters,0,1,0,0,0,0,1,2,1,0,332
Idina Menzel,0,0,2,0,2,4,0,3,1,0,326
Missy Elliott,0,0,0,0,1,0,0,1,0,0,334
Gryffin,0,0,0,0,0,1,2,1,1,0,331
The 1975,0,0,0,0,0,1,0,1,1,1,332
Armin van Buuren,0,0,0,0,0,2,2,2,0,3,327
Smokepurpp,0,0,0,0,0,0,1,0,1,2,332
Aretha Franklin,0,0,0,0,0,0,0,0,0,1,335
Mahmood,1,0,1,2,3,2,0,1,1,1,323
Europa,0,0,0,0,1,3,1,1,2,2,325
Chelsea Cutler,0,0,0,1,0,1,1,1,0,1,330
Ghostface Killah,0,1,0,0,0,0,0,0,1,1,332
Quinn XCII,0,0,0,0,0,0,1,1,1,1,331
Agnes,0,0,1,0,0,2,1,0,0,1,330
Vargas & Lagola,0,0,1,0,0,2,1,0,1,1,329
Henning May,0,0,1,1,0,1,0,1,0,1,330
j-hope,0,4,0,3,0,1,1,1,1,0,325
Eric Church,0,0,0,0,0,0,1,0,0,0,333
MC Xenon,0,0,0,0,0,0,0,0,2,1,331
Os Gemeos da Putaria,0,0,0,0,0,0,0,0,2,1,331
Sara Kays,0,0,0,0,0,0,0,0,3,2,328
a-ha,0,0,0,0,0,0,3,1,1,6,322
MC MENOR HR,0,0,0,2,1,6,0,1,0,0,322
MC MENOR SG,0,0,0,2,1,6,0,1,0,0,322
DJ ESCOBAR,0,0,0,2,1,6,0,1,0,0,322
Fred again..,0,0,0,0,0,0,0,1,0,0,331
Flowdan,0,0,0,0,0,0,0,1,0,0,331
Aerosmith,0,0,0,0,0,2,1,1,4,2,322
Kenshi Yonezu,0,0,0,1,3,1,2,0,2,2,321
Omar Apollo,0,0,3,1,1,1,1,1,3,1,320
James Hype,0,6,5,4,2,2,2,3,1,3,304
Miggy Dela Rosa,0,6,5,4,2,2,2,3,1,3,304
Pritam,0,1,3,6,3,1,1,4,1,2,310
Amitabh Bhattacharya,0,1,3,9,5,3,3,5,3,3,302
MC K.K,0,0,0,0,0,0,0,0,0,1,331
Dj TG Beats,0,0,0,0,0,0,0,0,0,1,331
Dj Aurélio,0,0,0,0,0,0,0,0,0,1,331
MC Lipivox,0,0,0,0,0,0,0,0,0,1,331
Will Smith,0,0,0,1,2,2,2,1,5,3,315
Era Istrefi,0,0,0,1,2,2,2,0,1,1,322
Static Major,0,1,0,1,0,0,1,0,0,0,328
Louis The Child,0,0,0,0,0,1,1,2,1,3,323
Wafia,0,0,0,0,0,1,1,2,1,3,323
Drew Love,0,0,2,6,2,2,0,1,2,0,316
Mr Eazi,0,0,0,0,0,0,0,2,3,0,326
Matheus & Kauan,0,0,0,0,0,0,0,1,6,1,323
Bushido,0,0,0,0,0,2,0,0,0,1,328
Popcaan,0,0,0,0,0,1,1,0,0,0,328
99 Percent,0,0,0,0,2,6,1,2,1,0,318
Vince Staples,0,0,0,1,0,1,0,0,3,0,325
Isaiah Firebrace,0,0,0,6,2,1,1,0,0,2,318
Superstar Pride,0,0,1,0,0,0,3,0,1,0,324
Jorge,0,0,0,0,0,0,0,0,0,1,326
Morray,1,1,1,0,1,0,1,0,1,0,320
Seori,0,0,0,0,0,0,1,0,0,0,325
PLK,0,0,0,0,0,1,0,2,0,0,323
Matt Maltese,0,0,0,0,0,0,0,0,0,1,325
HA SUNG WOON,0,1,1,0,1,0,0,1,0,0,320
Dove Cameron,5,6,1,2,4,4,2,0,4,3,293
Alejo,0,0,4,2,1,2,2,2,1,3,307
ROBI,0,0,4,2,1,2,2,2,1,3,307
Lauren Spencer Smith,2,3,1,5,3,3,2,0,1,1,305
cakal,0,0,0,0,1,0,0,0,1,1,321
t-low,0,0,0,0,1,0,0,0,0,1,322
Miksu / Macloud,0,0,0,1,1,1,1,0,1,1,318
AnnenMayKantereit,0,0,0,3,2,1,0,1,0,1,316
Giant Rooks,0,0,0,3,2,1,0,1,0,1,316
La Pantera,0,0,3,5,2,1,1,2,0,0,310
Juseph,0,0,3,5,2,1,1,2,0,0,310
Abhir Hathi,0,0,3,5,2,1,1,2,0,0,310
Bejo,0,0,3,5,2,1,1,2,0,0,310
Cruz Cafuné,0,0,3,5,2,1,1,2,1,0,309
EL IMA,0,0,3,5,2,1,1,2,0,0,310
Davi Kneip,0,0,1,0,2,2,1,1,0,1,316
Mc Frog,0,0,1,0,2,2,1,1,0,1,316
Dj Gabriel do Borel,0,0,1,0,2,2,1,1,0,1,316
Dr. Dre,0,2,1,1,2,6,1,1,0,3,310
Eden Muñoz,0,0,2,1,3,3,3,0,1,1,310
Felipe Amorim,0,0,0,0,0,0,3,3,0,4,314
Teto,0,0,0,0,1,1,2,1,1,2,318
The Rare Occasions,0,0,0,5,4,1,2,4,1,0,307
Jessi,0,0,0,0,1,1,0,2,1,1,318
Polimá Westcoast,0,0,12,8,6,4,3,5,2,1,294
Pailita,0,0,9,9,4,4,3,4,3,0,298
Shae Gill,0,0,0,0,0,3,3,2,5,3,308
Ali Sethi,0,0,0,0,0,3,3,2,5,3,308
Guns N' Roses,0,0,0,0,0,3,2,6,7,3,303
Leah Kate,0,0,0,0,0,1,1,2,2,1,317
Nile Rodgers,0,0,0,1,0,1,1,1,2,1,317
Southside,0,0,0,0,0,0,0,0,0,1,323
Kevin Kaarl,0,0,0,0,0,0,0,2,0,3,319
Jessica Darrow,0,5,4,0,1,1,0,1,1,0,310
JNR CHOI,0,0,3,4,3,2,1,0,2,0,308
Sam Tompkins,0,0,3,4,3,2,1,0,2,0,308
AP Dhillon,0,0,3,2,4,2,1,1,1,0,309
Gurinder Gill,0,0,2,1,3,2,1,0,1,0,313
Intense,0,0,2,1,3,2,1,0,1,0,313
Olga Merediz,0,0,0,3,2,3,0,0,1,0,314
Luude,0,0,0,2,5,1,1,2,0,3,309
Colin Hay,0,0,0,2,5,1,1,2,0,3,309
NIKI,0,0,0,0,3,2,1,1,3,0,313
Chefin,0,0,0,0,2,4,0,0,1,2,314
Mainstreet,0,0,0,0,2,4,0,0,1,2,314
Hugo & Guilherme,0,0,0,1,2,4,0,3,1,8,304
BLANCO,1,0,1,0,0,2,0,0,2,3,314
Chase Atlantic,0,0,0,0,0,4,2,1,1,0,315
Gabry Ponte,0,0,0,0,0,3,6,2,0,5,307
LUM!X,0,0,0,0,0,3,6,2,0,5,307
Prezioso,0,0,0,0,0,3,6,2,0,5,307
Muni Long,1,3,0,0,2,2,2,2,1,1,310
Vundabar,0,0,0,0,0,1,1,2,1,1,317
Edison Lighthouse,0,0,0,0,0,2,2,0,1,0,318
ENHYPEN,0,0,0,0,1,0,0,4,3,2,313
Alvaro Diaz,0,0,0,0,0,1,2,2,3,0,315
Kep1er,0,0,0,0,0,0,0,0,2,2,319
Menor MC,0,0,0,0,0,1,1,0,1,2,318
SiM,0,0,0,0,0,0,0,0,0,1,322
A R I Z O N A,0,0,0,0,0,4,4,2,1,0,311
Stanaj,0,0,0,0,3,1,4,0,1,0,313
Bag Raiders,0,0,0,0,0,0,2,1,1,1,317
Luke Christopher,0,0,2,5,1,1,1,1,1,1,309
Dyo,0,0,3,4,2,0,1,1,1,0,310
FRENSHIP,0,0,0,0,2,3,3,2,1,1,310
Andy Grammer,0,0,0,0,0,6,2,2,1,1,310
James Bay,0,0,0,0,0,0,0,6,3,3,310
KALEO,0,0,0,0,0,0,0,0,1,2,319
Rob $tone,0,0,0,2,3,1,2,0,2,2,310
J. Davi$,0,0,0,2,3,1,2,0,2,2,310
J Spooks,0,0,0,2,3,1,2,0,2,2,310
Dakota,0,0,0,0,1,0,3,2,1,3,312
Maite Perroni,0,0,0,0,0,0,0,0,0,5,316
SOB X RBE,0,0,0,1,1,1,1,0,0,1,315
Yugen Blakrok,0,0,0,1,0,1,0,0,1,0,317
Ab-Soul,0,0,0,0,0,1,0,0,0,1,318
Babes Wodumo,0,0,0,0,0,0,0,1,0,1,318
Sjava,0,0,0,0,0,0,0,0,0,1,319
REASON,0,0,0,0,0,0,0,0,0,1,319
MC Loma e As Gêmeas Lacração,0,0,0,0,0,0,0,0,0,1,319
Tyla Yaweh,0,0,2,0,1,0,0,1,0,0,315
Rowdy Rebel,0,0,0,1,1,0,0,0,0,1,316
Nea,0,0,0,1,7,4,0,0,1,1,305
Bosh,0,0,0,0,0,1,0,1,0,0,317
Shablo,0,0,0,0,0,0,1,0,0,0,318
Geolier,0,0,0,0,0,0,1,0,0,0,318
Ufo361,0,0,0,0,1,1,4,4,3,9,297
CÉLINE,0,0,0,0,0,0,0,1,0,0,318
Conkarah,0,0,0,3,3,3,0,2,0,1,307
DJ Fle,0,0,0,3,3,3,0,2,0,1,307
Markim WF,0,0,0,0,0,0,1,0,1,2,315
Nevada,0,2,1,2,1,1,1,1,1,0,308
Mark Morrison,0,2,1,2,1,1,1,1,1,0,308
XYLØ,0,0,0,3,2,0,2,1,0,0,310
Mike Perry,0,0,0,1,3,1,2,1,0,1,309
shy martin,0,0,0,1,3,1,2,1,0,1,309
Jasmine Thompson,0,0,0,0,6,1,0,1,1,1,308
Skizzy Mars,0,0,0,0,6,1,0,1,1,1,308
Hearts & Colors,0,0,0,4,3,1,0,1,0,1,308
Andrelli,0,0,0,4,3,1,0,1,0,1,308
Zay Hilfigerrr,0,0,0,1,1,1,1,1,0,1,312
Zayion McCall,0,0,0,1,1,1,1,1,0,1,312
Marc E. Bassy,0,0,0,0,5,3,1,0,1,3,308
Bipolar Sunshine,0,0,0,0,0,3,2,1,2,0,310
MC G15,0,0,0,1,0,2,0,0,1,0,314
Nause,0,0,0,0,0,0,2,1,0,1,314
Pretty Sister,0,0,0,0,0,0,2,1,0,1,314
Hook N Sling,0,0,0,0,0,1,3,4,1,0,309
San Holo,0,0,0,0,0,3,3,1,1,1,309
DVBBS,0,0,0,0,0,4,3,0,1,1,309
CMC$,0,0,0,0,0,4,3,0,1,1,309
Gia Koka,0,0,0,0,0,4,3,0,1,1,309
Young M.A,0,1,0,0,0,2,1,2,0,1,311
James Hersey,0,0,0,0,0,0,0,2,0,1,315
ROZES,0,0,0,0,0,0,1,4,1,0,312
KREAM,0,0,0,0,0,0,1,3,1,2,311
Clara Mae,0,0,0,0,0,0,1,3,1,2,311
MiC LOWRY,0,0,0,0,0,0,0,2,2,0,314
Dante Klein,0,0,0,0,0,0,0,1,2,2,313
Mura Masa,0,0,0,0,0,0,0,2,5,1,310
Trap Capos,0,0,0,0,0,0,0,0,6,0,312
Flume,0,0,0,0,0,0,1,0,3,5,311
kai,0,0,0,0,0,0,1,0,2,4,311
Milky Chance,0,0,0,0,0,0,0,0,4,1,313
Tove Lo,0,0,0,0,0,0,0,0,3,2,315
State of Sound,0,0,0,0,0,0,0,1,1,1,315
Joel Adams,0,0,0,0,0,0,0,0,1,1,316
USHER,0,1,2,2,0,0,0,1,1,4,309
Cedric Gervais,0,0,0,0,0,0,0,1,0,1,316
Chris Willis,0,0,0,0,0,0,0,1,0,1,316
Ky-Mani Marley,0,0,0,0,0,0,0,1,3,6,308
LX,0,0,0,0,0,0,0,1,0,0,316
Maxwell,0,0,0,0,0,0,0,1,0,1,315
Sa4,0,0,0,0,0,0,0,1,0,0,316
Márcia Fellipe,0,0,0,0,0,0,0,0,0,1,316
Jerry Smith,0,0,0,0,0,0,0,0,0,1,316
Stunna Gambino,0,1,0,1,1,1,1,0,0,0,311
Smiley,0,0,0,1,0,1,0,1,1,0,312
Belly,0,0,0,0,1,0,0,1,0,0,314
Vitor Fernandes,0,0,0,0,0,0,0,2,3,0,311
Sarah Cothran,0,0,0,0,0,0,0,0,0,3,313
M.I.A.,1,0,2,0,1,0,1,0,0,1,309
"Royce Da 5'9""",1,2,1,0,3,1,0,1,0,1,306
Frenna,0,0,0,0,0,1,1,0,0,0,312
Lil Kleine,0,0,0,0,0,1,1,0,0,0,312
Bryce Vine,0,0,0,0,0,2,2,1,1,1,307
Paul Rosenberg,0,1,0,0,0,0,1,0,0,0,312
Russ,0,0,1,0,0,0,0,0,1,0,312
The Night Game,0,0,0,1,1,1,0,0,0,0,310
CVBZ,0,0,0,0,0,3,3,2,0,1,304
Lauren Alaina,0,0,0,0,0,0,0,1,3,0,309
Quintino,0,0,0,0,0,0,0,1,2,1,309
Tulus,0,0,1,2,0,1,0,0,1,0,307
Residente,1,0,1,1,2,3,1,1,1,1,300
TREASURE,0,0,0,0,0,3,0,1,1,0,307
Kevin Gates,0,0,0,0,0,0,2,0,0,0,310
Dido,0,0,1,0,0,0,1,1,3,5,301
Maldy,0,3,3,3,2,3,1,0,1,1,294
Tony Dize,1,9,9,4,1,2,2,2,1,0,280
Luar La L,0,6,7,2,2,0,2,1,0,1,290
JIN,0,1,0,0,2,1,0,0,1,1,305
Eno,0,0,0,1,1,0,1,2,1,1,303
Ultimo,0,0,0,0,0,0,1,0,0,0,309
Azet,0,0,0,0,0,0,0,0,1,0,309
Zuna,0,0,0,0,0,0,1,0,1,0,308
ILOVEMAKONNEN,0,0,0,0,0,0,0,0,1,0,309
Loote,0,0,0,0,0,0,0,1,3,1,305
The Rudeboyz,0,0,0,0,0,0,0,0,2,2,306
Irama,0,0,0,0,0,1,0,0,0,1,308
Jack Black,0,0,0,1,1,0,0,0,1,1,305
YOASOBI,0,0,0,0,1,5,0,6,1,1,295
Lola Indigo,0,0,0,0,0,0,1,1,0,0,307
Luis R Conriquez,0,0,0,0,1,5,3,2,2,7,291
Gradur,0,0,0,0,0,1,0,0,2,1,304
Heuss L'enfoiré,0,0,0,0,0,1,0,0,3,1,303
RealestK,0,0,0,0,2,0,1,0,0,2,302
Ivan Cornejo,0,0,0,0,1,2,0,0,2,0,302
DJ Patrick Muniz,0,0,0,0,0,0,3,0,0,1,303
Dj Olliver,0,0,0,0,0,0,3,0,0,1,303
Mc Topre,0,0,0,0,0,0,3,0,0,1,303
Mc Rennan,0,0,0,0,0,0,3,0,0,1,303
aespa,0,0,0,0,0,1,0,1,0,0,305
Stromae,0,0,0,0,0,1,0,0,2,0,304
Nardo Wick,0,0,0,0,0,0,0,0,0,4,303
siouxxie sixxsta,0,0,0,0,0,0,0,0,3,1,303
Angèle,0,0,0,1,2,0,1,0,1,3,298
K/DA,0,0,0,2,2,2,0,1,1,1,297
Lexie Liu,0,0,0,1,1,0,0,1,0,0,303
Jaira Burns,0,0,0,2,1,2,0,1,1,0,299
Seraphine,0,0,0,1,1,0,0,1,0,0,303
Octavian,0,0,0,0,0,1,1,1,1,0,302
Nelly Furtado,0,0,0,0,0,0,0,1,2,1,302
Timbaland,0,0,0,0,0,0,0,1,2,1,302
Savage Ga$p,0,0,0,0,0,0,0,1,2,2,301
DDG,0,0,0,0,0,0,0,0,1,3,302
Danna Paola,0,0,0,0,0,0,0,0,1,3,302
DrefGold,0,0,0,0,0,0,0,0,1,1,303
Carnage,0,0,0,0,0,0,0,0,1,0,304
Matt Terry,0,0,0,0,0,0,0,0,1,2,302
Alicia Keys,0,0,2,1,1,0,0,0,1,0,298
The War And Treaty,0,0,0,1,0,0,0,1,0,1,299
KASIMIR1441,0,0,0,0,1,1,0,1,0,0,297
badmómzjay,0,0,0,0,1,1,0,1,0,0,297
WILDBWOYS,0,0,0,0,1,1,0,1,0,0,297
Bring Me The Horizon,0,0,0,2,0,0,1,1,2,1,293
Erica Banks,0,0,0,0,0,0,0,0,0,1,299
YOVNGCHIMI,0,1,1,0,0,0,0,0,0,0,296
The Game,0,1,0,1,0,0,0,0,0,0,295
T-Pain,0,0,0,0,1,0,0,0,0,0,295
Kawe,0,0,0,0,0,0,0,0,2,1,292
Mc Lele JP,0,0,0,0,0,0,0,0,2,1,292
Original Quality,0,0,0,0,0,0,0,0,2,1,292
347aidan,0,0,0,0,1,1,1,1,2,4,285
Peach Tree Rascals,0,0,0,0,0,2,6,1,2,1,282
Headie One,0,0,0,1,0,1,0,3,1,3,285
AJ Tracey,0,0,0,0,0,0,0,1,1,2,290
CRO,0,0,0,0,0,0,0,1,0,0,293
Wes,0,0,0,0,0,0,4,2,2,1,285
Tina Turner,0,0,0,0,1,0,0,4,2,1,286
KITSCHKRIEG,0,0,0,0,0,0,0,0,2,4,288
Jamule,0,0,0,0,0,0,1,0,2,2,289
SFR,0,0,0,0,0,0,0,0,2,4,288
Rod Wave,0,0,1,0,3,3,0,0,2,4,283
Gemitaiz,0,0,0,1,0,0,0,0,0,0,292
MadMan,0,0,0,1,0,0,0,0,0,0,292
Nekfeu,0,0,0,0,0,0,1,0,0,0,292
Farid Bang,0,0,0,0,0,0,0,1,2,0,290
Khaled,0,0,0,0,0,0,0,1,1,0,291
Joe Janiak,0,0,0,0,0,0,0,1,0,0,292
Naomi Scott,0,0,0,0,0,0,0,0,2,1,290
Fero47,0,0,0,0,0,0,1,0,0,1,291
Dj LK da Escócia,0,0,0,0,0,0,0,3,1,1,287
Tchakabum,0,0,0,0,0,0,0,3,1,1,287
mc jhenny,0,0,0,0,0,0,0,3,1,1,287
Mc RF,0,0,0,0,0,0,0,3,1,1,287
Mert Demir,0,0,0,0,1,0,3,0,1,1,286
Mabel Matiz,0,0,0,0,1,0,3,0,1,1,286
Guilherme & Benuto,0,0,0,0,0,0,0,0,0,2,290
James Carter,0,0,0,0,0,0,0,0,0,2,290
FAST BOY,0,0,0,0,0,0,0,0,0,2,290
AC/DC,0,0,0,0,0,0,0,1,2,1,287
Phoebe Bridgers,0,1,1,0,1,0,0,0,1,0,285
Benson Boone,0,0,2,2,8,8,1,2,0,1,265
Guè,0,0,0,0,0,0,1,0,1,0,287
Fuego,0,0,0,0,0,0,0,1,1,2,285
MC Levin,0,0,0,0,0,0,0,1,1,0,287
DJ Nikolas Alves Exclusive,0,0,0,0,0,0,0,1,1,0,287
DJ Kaioken,0,0,0,0,0,0,0,1,1,0,287
DJ Gege,0,0,0,0,0,0,0,1,1,0,287
Amanda Reifer,1,1,0,1,1,0,1,0,2,0,281
Taylour Paige,0,1,0,0,0,0,0,0,0,1,286
Summer Walker,0,1,1,1,0,2,1,1,2,1,279
Sam Dew,0,1,0,0,0,0,0,0,1,0,286
Buscabulla,0,2,6,4,4,0,1,2,0,1,268
The Marías,0,1,1,3,2,3,3,2,1,1,271
Tanna Leone,0,0,1,0,0,0,0,0,0,0,287
Beth Gibbons,0,0,0,1,0,0,0,0,0,0,287
PSY,0,1,1,0,1,1,1,0,1,0,282
KALUSH,0,0,0,0,0,1,0,0,0,0,287
Kalush Orchestra,0,0,0,0,0,1,0,0,0,0,287
The Goo Goo Dolls,0,0,0,0,0,0,1,3,3,8,273
Chanel,0,0,0,0,0,0,0,0,1,0,287
Sam Ryder,0,0,0,0,0,0,0,0,0,1,287
Ella Henderson,0,0,0,0,0,0,2,5,5,5,271
Thiaguinho MT,0,0,0,0,0,0,0,1,2,1,283
Mila,0,0,0,0,0,0,0,1,2,1,283
JS o Mão de Ouro,0,0,0,0,0,0,0,2,3,3,281
Felipe Original,0,0,0,0,0,0,0,1,1,2,283
K CAMP,0,0,0,0,0,0,0,0,0,1,286
Ghost,0,2,5,2,2,0,1,1,1,1,271
Rels B,0,2,4,1,4,0,2,4,1,0,268
Eliza Rose,0,0,4,2,1,1,0,2,1,1,274
Interplanetary Criminal,0,0,4,2,1,1,0,2,1,1,274
Yung Gravy,0,0,0,5,5,0,1,1,1,1,272
Armani White,0,0,0,5,0,4,0,1,0,2,274
Oxlade,0,0,0,0,2,3,1,0,1,1,278
BYOR,0,0,0,1,8,4,1,4,2,1,265
Paloma Faith,0,0,0,0,4,5,7,3,2,3,262
Paloma Mami,0,0,5,4,2,1,1,5,1,1,266
Lasso,0,0,0,5,3,2,0,1,0,3,272
LF SYSTEM,0,0,0,0,0,0,1,6,4,0,275
Villano Antillano,0,0,5,1,5,1,1,0,1,0,272
La Adictiva,0,0,0,0,0,0,0,0,1,2,283
Bootie Brown,0,0,0,0,1,0,0,0,0,1,284
Mc Paiva ZS,0,0,0,0,0,0,0,0,0,6,280
Kotim,0,0,0,0,0,0,0,0,0,6,280
White Gold,0,1,0,0,1,0,0,0,0,0,283
Matthew Wilder,0,0,0,0,0,1,1,1,0,0,282
Red Velvet,0,0,1,1,1,1,2,1,1,2,275
ELIF,0,0,0,0,0,0,0,0,1,0,284
Murda,0,0,0,0,0,0,0,0,1,1,283
Ezhel,0,0,0,0,0,0,0,1,4,1,279
Valerie Broussard,0,0,0,1,1,0,1,0,0,1,280
ChocQuibTown,0,0,0,0,0,0,1,4,2,2,275
Avril Lavigne,0,0,0,0,0,0,2,0,2,2,278
Metallica,1,2,1,1,1,1,0,1,1,0,274
DJ Robin,0,0,0,1,0,1,1,0,0,1,279
Schürze,0,0,0,1,0,1,1,0,0,1,279
NAYEON,0,0,0,2,3,0,2,2,2,0,272
Melody,0,0,0,0,1,0,1,1,3,2,275
Dj Chris No Beat,0,0,0,0,1,0,1,1,3,2,275
L7NNON,0,0,0,0,0,0,1,2,1,2,277
DJ Biel do Furduncinho,0,0,0,0,0,0,1,2,1,1,278
Bianca,0,0,0,0,0,0,1,2,1,1,278
Musical Youth,0,0,0,0,2,2,1,2,0,0,276
MC Tairon,0,0,0,0,0,0,0,1,2,0,280
Mc Vitin Da Igrejinha,0,0,0,0,0,0,0,1,2,0,280
Dj Win,0,0,0,0,0,0,0,1,2,0,280
MC Mari,0,0,0,0,0,0,1,0,2,2,278
Nessa Barrett,0,0,0,0,0,0,0,0,0,1,282
Stray Kids,0,1,0,1,2,0,1,1,2,2,272
4*TOWN (From Disney and Pixar’s Turning Red),0,0,0,0,0,0,1,2,1,0,278
Jordan Fisher,0,0,0,0,0,0,1,2,1,0,278
Finneas O'Connell,0,0,0,0,0,0,1,2,1,0,278
Topher Ngo,0,0,0,0,0,0,1,2,1,0,278
Grayson Villanueva,0,0,0,0,0,0,1,2,1,0,278
Josh Levi,0,0,0,0,0,0,1,2,1,0,278
UZI,0,0,0,1,0,0,1,0,0,0,280
Foo Fighters,0,0,0,0,0,0,0,0,1,0,281
Sefo,0,0,0,1,1,0,0,0,1,1,277
Zoe Wees,0,0,0,0,0,1,0,0,0,1,279
Montez,0,0,0,0,0,0,0,2,1,1,277
*NSYNC,0,0,0,0,0,1,0,2,1,2,273
Shania Twain,0,0,0,0,0,3,0,1,0,1,274
Donny Hathaway,0,0,0,0,0,0,1,1,1,0,276
Train,0,0,0,0,0,0,0,0,1,0,278
Céline Dion,0,0,0,0,0,0,0,0,1,0,278
BEAM,0,1,1,0,0,0,0,0,2,0,274
Grace Jones,0,0,0,0,1,0,0,0,0,0,277
Jeremih,0,0,1,0,0,1,0,1,0,0,273
A-Trak,0,0,0,0,0,1,0,0,0,0,275
Dayvi,0,0,0,0,0,6,1,1,2,2,263
Kelly Ruíz,0,0,0,0,0,6,1,1,2,2,263
Mozzik,0,0,0,0,0,0,2,0,1,2,270
Bozza,0,0,0,0,0,1,0,0,0,0,273
ATR Son Son,0,0,1,0,3,1,0,0,1,0,267
Chael Produciendo,0,0,0,0,0,0,0,0,1,2,270
FKA twigs,0,0,0,0,1,1,2,1,0,1,267
Juanfran,0,0,0,0,0,0,0,0,0,7,266
Tom Gregory,0,0,0,0,0,0,0,0,1,4,268
Puri,0,0,0,0,0,0,0,0,1,2,270
Jhorrmountain,0,0,0,0,0,0,0,0,1,2,270
Carla Morrison,0,0,0,0,0,0,0,0,0,1,271
Darshan Raval,0,0,0,0,0,0,0,0,1,0,269
Banx & Ranx,0,0,0,0,0,0,2,4,0,2,261
Yxng Bane,0,0,0,0,0,0,2,4,0,2,261
Netta,0,0,0,0,0,0,1,0,0,0,268
Eleni Foureira,0,0,0,0,0,0,0,0,1,0,268
Dagny,0,0,0,0,0,0,0,1,1,3,264
Tee Grizzley,0,0,0,0,0,0,0,0,0,1,268
TroyBoi,0,0,0,0,0,0,1,0,0,0,267
Ptazeta,0,0,0,0,0,0,0,0,0,1,267
The Cratez,0,0,0,0,1,0,0,0,0,1,265
Sido,0,0,0,0,0,1,0,0,0,2,264
Sofia Carson,0,0,0,0,0,0,1,0,0,1,264
Pablito Pesadilla,0,0,3,0,2,1,0,1,0,1,257
Nickoog Clk,0,0,3,0,2,1,0,1,0,1,257
Fran C,0,0,3,0,2,1,0,1,0,1,257
Aitch,0,0,0,2,0,1,0,0,1,0,261
Rosa Walton,0,0,0,0,1,0,2,0,1,0,261
Hallie Coggins,0,0,0,0,1,0,2,0,1,0,261
Montell Fish,0,0,0,0,0,1,1,0,1,0,262
Yohani,0,0,0,0,0,0,0,0,1,0,264
Rashmi Virag,0,0,0,0,0,0,0,0,1,0,264
Surya Ragunaathan,0,0,0,0,0,0,0,0,1,0,264
Dedublüman,0,0,0,0,0,0,0,0,0,1,264
Mavzer Tabancas,0,0,0,0,0,0,0,0,0,1,264
Sasha Alex Sloan,0,0,0,1,0,0,1,0,2,0,259
PNL,0,1,0,1,1,0,0,1,2,4,254
Rammstein,0,0,0,0,1,0,0,0,1,1,257
Shirin David,0,0,0,0,0,2,1,0,1,3,253
FLETCHER,0,0,0,0,0,1,1,0,2,0,256
Don Patricio,0,0,0,0,0,0,0,0,1,0,259
Emma Stone,0,0,0,0,0,0,1,3,0,1,250
Kranium,0,0,0,0,0,0,0,0,1,0,254
Kaliii,0,0,0,0,4,3,0,1,0,0,245
Sachin-Jigar,0,0,0,3,2,2,2,1,2,1,245
MC Caverinha,0,0,0,0,1,0,1,0,0,1,250
KayBlack,0,0,0,0,1,0,1,0,0,1,250
Wall Hein,0,0,0,0,1,0,1,0,0,1,250
Käärijä,1,0,1,0,0,0,0,1,0,0,250
Florence + The Machine,0,0,0,0,0,0,2,1,1,0,249
Lil Mabu,0,0,0,1,0,1,0,0,0,1,250
ABRA,0,0,1,0,0,0,0,0,0,0,250
Trio Vegabajeño,0,0,0,0,0,0,0,0,1,0,250
Studio Killers,0,0,0,0,0,0,0,0,1,1,249
Empress Of,0,2,1,1,1,0,0,1,0,0,244
Marc Anthony,0,0,0,0,0,0,0,1,4,2,243
Super Subu,0,0,0,1,1,0,0,0,0,1,246
Hippie Sabotage,0,0,0,0,0,0,0,0,0,3,245
Swizz Beatz,1,0,0,1,0,0,1,1,0,1,242
Sosamann,0,1,0,0,0,1,0,0,0,0,245
Reginae Carter,0,0,0,1,0,0,0,0,0,0,246
Jaden,0,0,0,0,0,0,1,1,2,0,244
Ashanti,0,0,0,0,0,0,0,1,0,0,246
Mack Maine,0,0,0,0,0,0,0,1,0,0,246
Sophia Somajo,0,0,0,0,0,0,3,2,3,0,239
Nivea,0,0,0,0,0,0,0,0,0,1,246
Raekwon,0,0,0,0,0,0,0,0,0,1,246
RZA,0,0,0,0,0,0,0,0,0,1,246
Method Man,0,0,0,0,0,0,0,0,0,1,246
Inspectah Deck,0,0,0,0,0,0,0,0,0,1,246
Cappadonna,0,0,0,0,0,0,0,0,0,1,246
Jackpot Scotty Wotty,0,0,0,0,0,0,0,0,0,1,246
U-God,0,0,0,0,0,0,0,0,0,1,246
Masta Killa,0,0,0,0,0,0,0,0,0,1,246
GZA,0,0,0,0,0,0,0,0,0,1,246
bülow,0,0,0,0,0,0,1,0,3,0,242
Billy Raffoul,0,0,0,0,0,0,0,2,0,0,242
Aluna,0,0,0,0,0,0,0,0,0,1,243
Young Scooter,0,0,0,0,0,0,1,0,0,0,241
GRiNGO,0,0,0,0,0,0,0,0,0,2,240
Trettmann,0,0,0,0,0,0,0,0,0,2,240
KIDS SEE GHOSTS,0,3,4,1,0,1,1,1,0,0,238
southstar,0,0,0,0,1,0,0,2,1,0,236
sped up 8282,0,0,0,0,0,0,1,1,1,0,236
SEVENTEEN,0,0,0,0,1,0,1,0,0,1,236
Colde,0,0,0,0,0,0,0,0,0,1,238
RM,0,1,1,0,0,0,1,0,1,2,234
Simone Mendes,0,0,1,0,0,0,0,1,1,3,233
Slipknot,0,0,0,0,0,0,0,0,1,0,237
Kontra K,0,0,0,0,0,0,1,0,1,0,236
TisaKorean,0,0,0,0,0,0,0,0,1,0,237
Moby,0,0,0,1,1,1,0,1,0,0,233
T.I.,0,0,0,0,1,0,0,0,0,0,236
Lil Tracy,0,0,0,0,0,0,0,1,0,0,234
iñigo quintero,3,0,0,0,0,0,0,1,0,0,230
Mitski,2,1,0,1,0,0,0,0,0,0,230
Tyla,0,2,1,0,1,0,0,0,0,0,230
Chief Keef,0,0,0,2,0,0,0,0,0,0,232
juan karlos,0,0,0,0,1,1,0,0,0,0,232
SUICIDAL-IDOL,0,0,0,0,0,0,2,0,1,0,231
BENNETT,0,0,0,0,0,1,2,0,1,0,230
Noah Kahan,0,1,0,1,1,1,0,0,1,1,228
Wyclef Jean,0,0,0,0,0,0,0,0,1,1,231
Edgardo Nuñez,5,1,1,1,0,0,0,0,0,1,224
twocolors,0,0,0,0,0,0,0,0,0,2,230
Dreamville,0,0,0,0,2,0,2,0,1,0,228
Lute,0,0,0,0,1,0,0,0,0,0,229
Bas,0,2,1,0,1,0,2,0,2,0,225
EARTHGANG,0,0,0,0,1,0,1,0,0,0,228
Young Nudy,0,0,1,0,1,0,2,0,2,0,225
Salmo,0,0,0,0,0,0,3,3,0,0,227
Guapdad 4000,0,0,0,0,0,0,1,0,0,0,229
Reese LAFLARE,0,0,0,0,0,0,1,0,0,0,229
Jace,0,0,0,0,0,0,1,0,0,0,229
Mez,0,0,0,0,0,0,1,0,0,0,229
Buddy,0,0,0,0,0,0,1,0,0,0,229
Nitro,0,0,0,0,0,0,0,1,0,0,229
Black Thought,0,0,0,0,1,0,0,0,1,0,227
Q-Tip,0,0,0,0,1,0,0,0,0,0,228
Denaun,0,0,0,0,1,0,0,0,0,0,228
KXNG Crooked,0,0,0,0,0,1,0,0,0,0,228
Joell Ortiz,0,0,0,0,0,1,0,0,0,0,228
Maes,0,0,0,0,0,0,0,0,1,0,228
Booba,0,0,0,0,0,0,0,0,2,0,227
Judy Garland,0,0,0,0,0,0,0,0,0,1,227
Sean Ono Lennon,0,0,0,0,0,0,0,0,0,1,227
Gene Autry,0,0,0,0,0,1,0,1,0,1,225
Pamungkas,0,0,0,0,0,0,0,0,0,1,225
Hopsin,0,0,0,0,0,0,0,0,0,1,225
Foudeqush,0,0,0,0,0,0,1,0,0,0,221
Ludwig Göransson,0,0,0,0,0,0,1,0,0,0,221
Omah Lay,0,0,0,0,0,1,0,0,0,0,218
Oscar Ortiz,5,1,1,0,0,0,0,0,0,0,210
Mesita,2,5,0,0,0,0,0,0,0,0,210
Marvin Gaye,0,0,1,1,0,0,0,0,0,0,215
Tammi Terrell,0,0,1,1,0,0,0,0,0,0,215
The Lumineers,0,0,0,0,1,0,0,0,0,0,214
Sierra Ferrell,0,0,0,0,0,0,0,0,0,1,214
Clueso,0,0,0,0,0,0,0,1,0,0,212
Sonus030,0,0,0,0,0,0,0,0,1,0,212
WOS,0,0,0,0,0,0,1,0,3,2,206
Charlie Charles,0,0,0,1,0,0,0,0,0,0,210
Snow Tha Product,0,0,0,0,2,0,0,1,0,0,205
Frauenarzt,0,0,0,0,0,0,0,0,0,1,207
Victor Cibrian,0,0,0,0,0,0,0,1,2,0,204
Sidhu Moose Wala,0,0,0,0,0,0,0,1,1,0,205
Jovem Dionisio,0,0,0,1,1,0,0,1,0,1,203
Roisee,0,3,1,1,0,1,0,0,1,0,198
Omar Courtz,0,0,0,0,0,1,0,0,1,0,203
Arca,0,0,0,0,0,1,0,0,1,0,203
Varun Jain,0,0,0,1,2,0,2,0,2,0,198
Shadab Faridi,0,0,0,1,2,0,2,0,2,0,198
Altamash Faridi,0,0,0,1,2,0,2,0,2,0,198
Emir Can İğrek,0,0,0,0,0,0,0,0,0,1,204
Monsieur Periné,0,0,0,0,1,1,1,0,0,0,201
Vicente Garcia,0,0,0,0,1,1,1,0,0,0,201
George Michael,0,0,0,0,0,0,1,0,2,2,200
Gary Lightbody,0,0,1,0,0,0,0,0,0,0,202
Thundercat,0,0,0,0,0,1,0,0,0,0,202
Bootsy Collins,0,0,0,0,0,1,0,0,0,0,202
Yaviah,0,0,1,1,1,0,0,1,1,0,196
Pablo Chill-E,0,0,0,1,1,1,0,0,0,0,198
Ninho,0,0,0,0,0,2,2,1,0,2,195
WanMor,0,0,2,1,0,0,0,0,0,1,198
KAI,0,0,0,0,0,0,0,0,0,1,199
Kanii,0,0,0,0,0,0,1,0,0,0,198
PR1ISVX,0,0,0,0,0,0,1,0,0,0,198
Ed Maverick,0,0,0,0,0,0,0,0,0,1,195
Hava,0,0,0,0,0,1,0,0,0,0,194
Lexa,0,0,0,0,0,1,0,1,1,1,191
Rebecca,0,0,0,0,0,1,0,1,1,1,191
Ak4:20,0,0,0,1,0,1,0,0,1,0,191
BIGBANG,0,0,0,0,0,0,0,1,0,1,192
anders,0,0,0,0,0,0,0,0,1,1,188
AK AUSSERKONTROLLE,0,0,0,0,0,0,1,0,0,0,187
Tego Calderón,0,0,0,0,0,0,1,0,0,1,186
KALIM,0,0,0,0,0,0,0,0,0,1,187
Tierra Whack,0,0,0,0,0,0,0,0,0,1,187
Zak Abel,0,0,0,0,1,0,0,0,0,1,186
Cordae,0,0,0,0,0,0,0,0,1,2,184
Mc Poze do Rodo,0,0,0,0,0,0,0,0,0,1,186
Tommy Newport,0,0,1,0,0,0,0,0,0,0,185
Kalazh44,0,0,0,0,0,1,0,0,0,0,183
Morad,0,0,0,0,0,0,0,0,1,0,182
The xx,0,0,0,0,0,2,0,1,1,2,180
Bright Sparks,0,0,0,0,0,0,0,0,0,1,181
VÉRITÉ,0,0,0,0,0,0,0,0,0,1,181
La La Land Cast,0,0,0,0,0,0,0,0,1,2,178
Justin Mylo,0,0,0,0,0,0,1,0,0,0,178
Dewain Whitmore,0,0,0,0,0,0,1,0,0,0,178
Bono,0,0,0,0,0,0,0,0,1,1,176
The Edge,0,0,0,0,0,0,0,0,1,1,176
Nadhif Basalamah,0,0,0,0,0,0,0,1,0,0,175
Morat,0,0,0,0,0,0,1,1,0,1,171
Alonzo,0,0,0,0,0,0,0,0,0,1,173
Riar Saab,0,0,0,0,2,1,0,0,1,0,167
Abhijay Sharma,0,0,0,0,2,1,0,0,1,0,167
Semicenk,0,0,0,0,2,0,1,0,1,0,167
Doğu Swag,0,0,0,0,2,0,1,0,1,0,167
Toian,0,0,0,0,0,0,0,0,1,0,170
George Benson,0,0,0,0,0,0,0,0,1,1,167
Fleet Foxes,0,0,0,0,0,1,0,0,0,0,167
blink-182,0,0,0,0,0,0,0,0,1,0,165
Thomas Gold,0,0,0,0,0,0,0,0,0,2,162
Jillian Edwards,0,0,0,0,0,0,0,0,0,2,162
Joakim Lundell,0,0,0,0,0,0,0,0,0,1,161
Arrhult,0,0,0,0,0,0,0,0,0,1,161
The Citizens of Halloween,0,0,0,0,0,0,0,0,1,0,160
Ray Parker Jr.,0,0,0,0,0,0,0,0,0,2,159
MC Rogerinho,0,0,0,0,0,1,0,0,0,0,158
Dardan,0,0,0,0,0,0,0,1,0,2,153
SuperM,0,0,0,0,0,0,0,1,0,0,153
Jay Electronica,0,0,0,0,0,0,0,0,1,1,151
Barbara Pravi,0,0,0,0,0,1,0,0,0,0,151
Blind Channel,0,0,0,0,0,0,1,0,0,0,151
Go_A,0,0,0,0,0,0,1,0,0,0,151
Gjon's Tears,0,0,0,0,0,0,0,0,0,1,151
Dream,0,0,0,0,0,0,0,0,0,1,151
Daði Freyr,0,0,0,0,0,0,0,0,0,1,151
CAPO,0,0,0,0,0,0,0,0,1,0,150
GASHI,0,0,0,0,0,0,0,0,1,0,150
Veysel,0,0,0,0,0,0,0,0,0,1,150
Mumford & Sons,0,0,0,0,0,0,0,0,0,1,150
Wolftyla,0,0,0,0,1,0,0,0,0,1,148
The Neptunes,0,0,0,1,0,1,0,1,0,0,146
jetsonmade,0,0,0,0,0,0,0,1,0,0,146
Kay Flock,0,0,0,0,0,0,0,1,0,0,145
Youjeen,0,1,0,0,0,0,1,0,1,0,141
Mustafa,0,0,0,1,0,0,0,0,0,0,143
Takeoff,0,0,0,0,0,2,2,1,0,0,140
Syd,0,0,0,0,0,0,1,0,0,0,142
Rymez,0,0,0,0,0,0,0,1,0,0,142
Rockwell,0,0,0,0,0,0,0,0,0,1,138
The Blessed Madonna,0,0,0,0,0,0,0,1,0,0,137
Evan Rachel Wood,0,0,0,0,0,0,0,1,0,0,135
Louis Prima,0,1,0,0,0,0,1,0,0,0,131
Nas,0,0,0,0,0,0,0,2,0,1,131
Diddy,0,0,0,0,0,0,0,0,0,1,132
Monet192,0,0,0,0,0,0,0,0,0,1,131
The Flint Chozen Choir,0,0,0,0,0,0,0,0,0,1,130
Starrah,0,0,0,0,0,0,0,0,0,1,130
Bahari,0,0,0,0,0,0,0,0,0,1,130
NSTASIA,0,0,0,0,0,0,0,1,0,0,129
Max B,0,0,0,0,1,0,0,0,0,0,128
The Dap-Kings Horns,0,0,0,0,0,0,0,0,0,1,128
Big Red Machine,0,0,0,0,0,0,1,0,0,0,126
Joel De La P,0,0,0,0,0,0,0,0,1,0,125
Dixie,0,0,0,0,0,0,0,1,0,0,123
Jennifer Hudson,0,0,0,0,0,0,0,1,0,0,123
Lil Duke,0,0,0,0,0,0,0,0,0,1,120
Swarmz,0,0,0,0,0,0,0,1,0,0,118
Marciano Cantero,0,0,0,0,1,0,0,0,0,0,115
GIMS,0,0,0,0,0,1,0,0,0,0,115
Data Luv,0,0,0,0,0,0,1,0,0,0,115
Tom Petty,0,0,0,0,0,0,0,0,0,1,112
The-Dream,0,0,0,0,0,0,0,1,0,0,111
Rah Swish,0,0,0,0,0,0,0,0,1,0,111
Huncho Jack,0,0,0,0,1,4,0,3,2,2,107
Foster The People,0,0,0,0,0,0,0,0,1,1,109
Outkast,0,0,0,0,0,0,0,0,1,0,110
MC's Jhowzinho & Kadinho,0,0,0,0,0,0,0,0,0,1,110
Oumou Sangaré,0,0,0,1,0,0,0,0,0,1,101
Blue Ivy,0,0,0,0,0,1,0,1,0,0,101
Norm Ender,0,0,0,0,0,0,1,0,1,0,101
Vybz Kartel,0,0,0,0,0,0,0,0,0,1,102
Francesca Michielin,0,0,0,0,0,0,0,0,1,0,100
JSX,0,0,0,0,0,0,0,0,1,0,100
EST Gee,0,0,0,0,0,0,0,0,1,0,100
Louane,0,0,0,0,0,1,0,0,0,0,97
Death Cab for Cutie,0,0,0,0,0,0,0,1,0,0,96
Red Hot Chili Peppers,0,0,0,1,0,0,0,0,0,0,94
King Von,0,0,0,0,0,0,0,1,0,0,94
La rappresentante di lista,0,0,0,0,0,0,0,1,0,0,94
Rkomi,0,0,0,0,0,0,0,0,1,0,94
Niska,0,0,0,0,0,1,0,0,0,0,93
The Chicks,0,0,1,0,0,0,0,0,0,0,92
Boomdabash,0,0,0,0,0,0,0,0,0,1,91
Alessandra Amoroso,0,0,0,0,0,0,0,0,0,1,91
Boef,0,0,0,0,0,0,0,0,0,1,85
Dahi,0,0,0,0,0,0,0,0,1,0,83
Alessandra,0,0,1,0,0,0,1,0,0,0,81
¥$,12,8,2,1,0,0,0,0,0,0,79
FloyyMenor,2,0,1,0,0,0,0,0,0,0,79
Lil Jon,0,1,2,0,0,0,0,0,0,0,79
Ludacris,0,1,2,0,0,0,0,0,0,0,79
W&W,0,0,1,0,0,0,0,0,0,0,81
Ant Clemons,0,2,0,0,0,0,0,1,0,0,79
Clipse,0,1,0,0,0,0,0,1,0,0,79
Kenny G,0,1,0,0,0,0,0,1,0,0,79
Sunday Service Choir,0,1,0,0,0,0,0,0,0,0,80
Fred Hammond,0,0,1,0,0,0,0,0,0,0,80
Omar Montes,0,0,0,0,0,0,1,0,1,0,79
Carlos Santana,0,0,0,0,0,0,0,1,0,0,80
Solange,0,0,0,0,0,0,0,0,1,0,78
Cauty,0,0,0,0,0,0,0,0,0,1,78
The Cranberries,0,0,0,0,0,0,1,0,0,1,77
DMX,0,0,0,1,0,0,1,0,0,0,68
Colbie Caillat,0,0,0,0,0,1,0,0,0,0,68
Keith Urban,0,0,0,0,0,0,0,1,0,0,68
Red Velvet - IRENE & SEULGI,0,0,0,0,0,0,0,0,1,0,65
Shiva,0,0,0,0,0,0,1,0,0,0,64
Eiffel 65,0,0,0,0,0,0,1,0,0,0,64
SRNO,0,0,0,0,0,0,1,0,0,0,64
Thirty Seconds To Mars,0,0,0,0,0,0,0,0,0,1,63
Luchè,0,0,0,0,0,0,0,0,0,1,62
Brandi Carlile,0,0,0,0,0,0,0,0,1,0,61
TWENTY SIX,0,0,1,1,0,0,0,0,0,0,58
Tayson Kryss,0,0,1,1,0,0,0,0,0,0,58
Hayley Williams,0,1,0,0,0,0,0,0,0,0,58
PHresher,0,0,0,0,1,0,0,0,0,0,56
Andrea Bocelli,0,0,0,0,0,0,0,0,0,1,56
Yasiin Bey,0,0,1,0,0,0,0,0,0,0,54
Young Sinatra,0,0,0,0,1,0,0,0,0,0,53
Kash Doll,0,0,0,0,0,0,0,0,0,1,52
Crush,0,0,0,0,0,0,1,0,0,0,51
Pineapple StormTv,0,0,0,0,0,0,0,0,0,1,51
Chris MC,0,0,0,0,0,0,0,0,0,1,51
Salve Malak,0,0,0,0,0,0,0,0,0,1,51
Tz da Coronel,0,0,0,0,0,0,0,0,0,1,51
MC Cabelinho,0,0,0,0,0,0,0,0,0,1,51
Oruam,0,0,0,0,0,0,0,0,0,1,51
N.I.N.A,0,0,0,0,0,0,0,0,0,1,51
Damian Lemar Hudson,0,0,0,0,0,0,1,0,1,0,44
Ansel Elgort,0,0,0,0,0,0,0,1,0,0,45
Killer Mike,0,0,0,0,0,0,0,0,1,0,45
Chuck D,0,0,0,0,0,0,0,0,1,0,45
Big Lenbo,0,0,0,0,0,0,0,0,1,0,45
No ID,0,0,0,0,0,0,0,0,1,0,45
Kellin Quinn,0,0,0,0,0,1,0,0,0,0,44
Nina Chuba,0,0,0,0,0,0,0,0,0,2,37
kiLL edward,0,1,1,0,0,0,0,1,0,0,36
MC MM,0,0,0,0,0,0,0,0,0,1,37
DJ RD,0,0,0,0,0,0,0,0,0,1,37
Animus,0,0,0,0,0,1,0,0,0,0,36
Manu,0,0,1,0,0,0,0,0,0,0,33
Vince Guaraldi Trio,0,0,0,0,0,0,1,0,0,0,30
SAFE,0,0,1,0,0,0,0,0,1,0,27
Ivete Sangalo,0,1,0,0,0,0,0,0,0,0,26
LUDMILLA,0,1,0,0,0,0,0,0,0,0,26
Parangolé,0,0,1,0,0,0,0,0,0,0,26
EXO,0,0,0,0,0,0,0,0,0,1,25
Fridayy,0,0,0,0,0,0,0,1,0,0,21
Nicky Romero,0,0,0,0,0,0,0,0,1,0,20
Capo Plaza,0,0,0,0,0,0,0,0,0,1,20
The Temper Trap,0,0,0,0,0,0,0,0,1,0,18
S-X,0,0,0,0,0,0,0,0,1,0,15
Arthur Hanlon,0,0,0,0,0,0,0,1,0,0,13
Stargate,0,0,0,0,0,0,0,1,0,0,6
Francesco Yates,0,0,0,0,0,0,0,0,0,1,3
Maty Noyes,0,0,0,0,0,0,0,0,0,1,3
The National,0,1,0,0,0,0,0,0,0,0,0
